20150522,2090 파워루테인,"1. 직사광선을 피해 서늘한 곳에 보관하시고, 어린이의 손이 닿지 않는 곳에 보관하십시오.
2. 제품 개봉 후에는 흡습이 일어날 수 있으니 반드시 밀봉하여 보관하십시오.","[루테인 제품]노화로 인해 감소될 수 있는 황반색소밀도를 유지하여 눈 건강에 도움을 줌
[비타민A]①어두운 곳에서 시각 적응을 위해 필요②피부와 점막을 형성하고 기능을 유지하는데 필요③상피세포의 성장과 발달에 필요
[비타민B2]①체내 에너지 생성에 필요
[비타민E]①유해산소로부터 세포를 보호하는데 필요
[아연]①정상적인 면역기능에 필요②정상적인 세포분열에 필요
[셀레늄(또는 셀렌)]①유해산소로부터 세포를 보호하는데 필요","1) 성상: 이미, 이취가 없고 고유의 향미가 있는 주황색의 내용물을 함유한 흑갈색의 연질캡슐
2) 대장균군: 음성
3) 붕해도: 20분 이내
4) 납(mg/kg): 1.0이하
5) 카드뮴(mg/kg): 1.0이하
6) 총수은(mg/kg): 1.0이하
7) 총비소(mg/kg): 1.0이하
8) 헥산(mg/kg): 5.0이하
9) 초산에틸(mg/kg): 50.0이하
10) 루테인: 표시량(20mg/500mg)의 80~120%
11) 아연: 표시량(4.3mg/500mg)의 80~150%
12) 비타민E: 표시량(4mg α-TE/500mg)의 80~150%
13) 비타민B2: 표시량(0.48mg/500mg)의 80~180%
14) 비타민A: 표시량(600㎍RE/500mg)의 80~150%
15) 셀렌: 표시량(18㎍/500mg)의 80~150%","[루테인 제품]과다 섭취 시 일시적으로 피부가 황색으로 변할 수 있음.
1. 임신, 수유부나 의약품을 섭취하시는 분은 섭취 전 전문가와 상담하여 주십시오.
2. 특이체질, 알레르기체질인 경우에는 의사와 상담 후 섭취여부를 결정하십시오.
3. 섭취량 및 섭취방법을 확인한 후 섭취하십시오.
4. 섭취 전에 유통기한을 확인 후 섭취하십시오. 또한 유통기한이 경과한 제품은 섭취하지 마십시오.
5. 이상증상이 생길 경우 섭취를 중단하고, 전문의와 상담하시거나 고객상담실로 문의하시기 바랍니다.","1일 1회, 1회 1캡슐을 물과 함께 섭취하십시오.",20070017035536,제조일로부터24개월,168,"5g(500mg X 10캡슐), 15g(500mg X 30캡슐), 30g(500mg X 60캡슐), 45g(500mg X 90캡슐), 60g(500mg X 120캡슐), 90g(500mg X 180캡슐), 105g(500mg X 210캡슐), 150g(500mg X 300캡슐), 180g(500mg X 360캡슐)",종근당건강,http://img.danawa.com/prod_img/500000/989/626/img/3626989_1.jpg?shrink=160:160&_v=20181106160049
20160902,365 눈 건강 루테인,"직사광선을 받지 아니하는 서늘한 곳에서 보관 및 유통하시고, 어린이의 손에 닿지 않도록 주의하시기 바랍니다.","①어두운 곳에서 시각 적응을 위해 필요②피부와 점막을 형성하고 기능을 유지하는데 필요③상피세포의 성장과 발달에 필요

①유해산소로부터 세포를 보호하는데 필요

①어두운 곳에서 시각 적응을 위해 필요②피부와 점막을 형성하고 기능을 유지하는데 필요③상피세포의 성장과 발달에 필요

노화로 인해 감소될 수 있는 황반색소밀도를 유지하여 눈 건강에 도움을 줌","1) 성상 : 적색의 내용물을 함유한 검정색의 연질캡슐
2) 루테인 : 표시량의 80 ~ 120% (표시량 : 20 mg / 400 mg)
3) 비타민A : 표시량의 80 ~ 150% (표시량 : 700 ㎍RE / 400 mg)
4) 비타민E : 표시량의 80 ~ 150% (표시량 : 3.5 mgα-TE / 400 mg)
5) 베타카로틴 : 표시량의 80 ~ 150% (표시량 : 1.8 mg / 400 mg)
6) 헥산(mg/kg) : 5.0 이하
7) 납(mg/kg) : 1.0 이하
8) 카드뮴(mg/kg) : 1.0 이하
9) 총수은(mg/kg) : 1.0 이하
10) 총비소(mg/kg) : 1.0 이하
11) 대장균군 : 음성
12) 붕해 : 적합(20분 이내)",과다 섭취 시 일시적으로 피부가 황색으로 변할 수 있음,"1일 1회, 1회 1캡슐을 물과 함께 섭취하십시오.",200400200071695,제조일로부터 24개월까지,188,"400 mg × 10, 30, 45, 60, 90, 120, 150, 180, 210, 240, 300, 360, 420, 480, 540, 600캡슐",한미헬스케어,http://img.danawa.com/prod_img/500000/987/624/img/7624987_1.jpg?shrink=160:160&_v=20190403174130
20150522,JW중외파워루테인A,고온다습한 곳이나 직사광선을 피하여 서늘한 곳에 보관.,"[루테인 제품]노화로 인해 감소될 수 있는 황반색소밀도를 유지하여 눈 건강에 도움을 줌
[비타민A]①어두운 곳에서 시각 적응을 위해 필요②피부와 점막을 형성하고 기능을 유지하는데 필요③상피세포의 성장과 발달에 필요","(1) 성상 : 적갈색의 내용물을 함유한 적갈색의 연질캡슐제품으로 이미, 이취가 없다.
(2) 루테인: 표시량(20mg/500mg)의 80~120%
(3) 비타민A: 표시량(230μg RE/500mg)의 80~150%
(4) 중금속
 (가) 납(mg/kg) : 1.0이하
 (나) 카드뮴(mg/kg) : 1.0이하
 (다) 총수은(mg/kg) : 1.0이하
 (라) 총비소(mg/kg) : 1.0이하
(5) 헥산(mg/kg) : 5.0이하
(6) 대장균군 : 음성
(7) 붕해시험: 적합","[루테인 제품]과다 섭취 시 일시적으로 피부가 황색으로 변할 수 있음.
1) 알레르기 체질이신 분은 원재료를 확인 후 섭취하십시오.
2) 임산부는 섭취 전 의사와 상담이 필요합니다.","1일 1회, 1회 1캡슐을 충분한 물과 섭취.",20040015083520,제조일로부터 24개월까지,994,"500mg× 30캡슐(15g), 500mg× 60캡슐(30g), 500mg× 90캡슐(45g), 500mg× 120캡슐(60g), 500mg× 150캡슐(75g), 500mg x 180캡슐(90g), 500mg× 240캡슐(120g), 500mg x 360캡슐(180g) 등.",중외제약,http://img.danawa.com/prod_img/500000/327/296/img/6296327_1.jpg?shrink=160:160&_v=20190327101256
20150522,가네굿프리미엄,"연질캡슐은 수분, 열에 의한 영향에 민감하므로 인습되지 않게 밀봉하여 보관하며, 열원이나 직사광선을 피해 서늘한 곳(건냉암소)에 보관하십시오. (온도 30℃이상, 상대습도 75% 이상에서는 캡슐이 변형될 수 있습니다.)
  어린이의 손이 닿지 않는 곳에 보관하십시오.","[밀크씨슬추출물] 간 건강에 도움을 줄 수 있음
[비타민B1]①탄수화물과 에너지 대사에 필요
[비타민B6]①단백질 및 아미노산 이용에 필요②혈액의 호모시스테인 수준을 정상으로 유지하는데 필요
[비타민B2]①체내 에너지 생성에 필요
[판토텐산]①지방, 탄수화물, 단백질 대사와 에너지 생성에 필요
[나이아신]①체내 에너지 생성에 필요
[비오틴]①지방, 탄수화물, 단백질 대사와 에너지 생성에 필요
[셀레늄(또는 셀렌)]①유해산소로부터 세포를 보호하는데 필요
[아연]①정상적인 면역기능에 필요②정상적인 세포분열에 필요","1.성상:이미.이취가 없고 고유의 향미를 지닌 갈색의 내용물을 함유한 장방형의 연질캡슐
2.실리마린:표시량(130mg/700mg)의 80~120%
3.비타민B1:표시량(1.5mg/700mg)의 80~180%
4.비타민B2:표시량(1.9mg/700mg)의 80~180%
5.비타민B6:표시량(2.4mg/700mg)의 80~150%
6.나이아신:표시량(11.0mgNE/700mg)의 80~150%
7.판토텐산:표시량(6.0mg/700mg)의 80~180%
8.아연:표시량(4.0mg/700mg)의 80~150%
9.셀레늄:표시량(17.0μg/700mg)의 80~150%
10.비오틴:표시량(46.0μg/700mg)의 80~180%
11.납:1.0이하(mg/kg)
12.총비소:1.0이하(mg/kg)
13.총수은:0.5이하(mg/kg)
14.카드뮴:0.5이하(mg/kg)
15.헥산:5.0이하(mg/kg)
16.초산에틸:50.0이하(mg/kg)
17.대장균군:음성
18.붕해:20분 이내","[밀크씨슬추출물]① 알레르기 반응이 나타나는 경우에는 섭취를 중단하십시오  ② 설사, 위통, 복부팽만 등의 위장관계 장애가 나타나는 경우에는 섭취를 주의 하십시오
알레르기 체질이신 경우 성분을 확인한 후 섭취하시기 바랍니다.
섭취시 위장장애, 소화불량 등의 이상증상이 있을 경우 섭취를 중단하십시오.
약물복용 중이거나 임산부, 수유부 여성은 섭취 전 약사 등의 전문가와 상의하십시오.","1일 1회, 1회 1캡슐을 물과 함께 섭취하십시오.",20040017006379,제조일로부터 24개월,1612,"700mg ×  10, 20, 30, 45, 60, 90, 100, 120, 150, 180, 200, 240, 250, 270, 300, 330, 360 캡슐 등",대웅생명과학,http://img.danawa.com/prod_img/500000/531/070/img/5070531_1.jpg?shrink=500:500&_v=20180327120815
20170928,가네파워,수분 및 열에 의해 품질에 영향을 받을 수 있으므로 직사광선을 피해 서늘한 곳에 보관하십시오. 어린이 손에 닿지 않는 곳에 보관하십시오.,"① 간 건강에 도움을 줄 수 있음

①탄수화물과 에너지 대사에 필요

①체내 에너지 생성에 필요

①정상적인 엽산 대사에 필요

①유해산소로부터 세포를 보호하는데 필요

①유해산소로부터 세포를 보호하는데 필요

①지방, 탄수화물, 단백질 대사와 에너지 생성에 필요

①정상적인 면역기능에 필요②정상적인 세포분열에 필요

①철의 운반과 이용에 필요②유해산소로부터 세포를 보호하는데 필요

①뼈 형성에 필요②에너지 이용에 필요③유해산소로부터 세포를 보호하는데 필요

①세포와 혈액생성에 필요②태아 신경관의 정상 발달에 필요③혈액의 호모시스테인 수준을 정상으로 유지하는데 필요,밀크씨슬추출물 : 간 건강에 도움을 줄 수 있음.
비타민B1 : 탄수화물과 에너지 대사에 필요.
비타민B2 :  체내 에너지 생성에 필요.
비타민B12 : 정상적인 엽산 대사에 필요. 
비타민E : 유해산소로부터 세포를 보호하는데 필요.
셀렌 : 유해산소로부터 세포를 보호하는데 필요. 
비오틴 : 지방, 탄수화물, 단백질 대사와 에너지 생성에 필요.
엽산 : 세포와 혈액생성에 필요, 태아 신경관의 정상 발달에 필요, 혈액의 호모시스테인 수준을 정상으로 유지하는데 
필요
아연 : 정상적인 면역기능에 필요, 정상적인 세포분열에 필요. 
구리 : 철의 운반과 이용에 필요, 유해산소로부터 세포를 보호하는데 필요. 
망간 : 뼈 형성에 필요, 에너지 이용에 필요, 유해산소로부터 세포를 보호하는데 필요.","1) 성상 : 고유의 색택과 향미를 가지고 이미, 이취가 없어야 한다.
2) 실리마린 : 표시량(130mg/800mg)의 80~120%
3) 비타민B1 : 표시량(3.6mg/800mg)의 80~180%
4) 비타민B2 : 표시량(4.2mg/800mg)의 80~180%
5) 비타민B12 : 표시량(40ug/800mg)의 80~180%
6) 비타민E : 표시량(11mg α-TE/800mg)의 80~150%
7) 셀렌 : 표시량(17.05ug/800mg)의 80~150% 
8) 비오틴 : 표시량(90ug/800mg)의 80~180%
9) 엽산 : 표시량(400ug/800mg)의 80~150%
10) 아연 : 표시량(3.995mg/800mg) 80~150%
11) 구리 : 표시량(0.8mg/800mg)의 80~150%
12) 망간 : 표시량(3mg/800mg)의 80~150%
13) 납(mg/kg) : 1.0 이하
14) 카드뮴(mg/kg) : 0.5 이하
15) 총수은(mg/kg) : 0.5 이하
16) 총비소(mg/kg) : 1.0 이하
17) 대장균군 : 음성
18) 붕해시험 : 20분 이내","① 알레르기 반응이 나타나는 경우에는 섭취 중단 ② 설사, 위통, 복부팽만 등의 위장관계 장애가 나타나는 경우에는 섭취에 주의","1일 1회, 1회 1캡슐을 충분한 물과 함께 섭취하십시오.",200400200022077,제조일로부터 2년.,1617,"800mg*6, 10, 20, 30, 60, 90, 120, 150, 180, 210, 270, 360, 420, 480, 540, 600캡슐 등",대웅생명과학,http://img.danawa.com/prod_img/500000/721/559/img/6559721_1.jpg?shrink=500:500&_v=20181031170918
20180723,간건강 : 밀크씨슬 로사빈 (Liver Health : Milk Thistle Rosavin),1) 직사광선이나 고온 다습한 곳을 피하여 청결하고 서늘한 곳에 밀봉하여 보관 하십시오. 2) 영ㆍ유아 및 어린이의 손에 닿지 않는 곳에 보관하십시오. 3) 잘못된 사용 및 남용을 피하고 품질 보존을 위해 다른 용기에 넣지 마십시오.,"[밀크씨슬추출물]간 건강에 도움을 줄 수 있음
[홍경천추출물] 스트레스로 인한 피로 개선에 도움을 줄 수 있음","1) 성상 : 이미, 이취가 없고 고유의 향미가 있는 밝은 회황색의 정제
2) 실리마린 : 표시량(130mg/1400mg)의 80~120%
3) 로사빈 :  표시량(5mg/1400mg)의 80~120%
4) 납(mg/kg) : 1.0 이하
5) 카드뮴(mg/kg) : 0.5 이하
6) 총수은(mg/kg) : 0.5 이하
7) 총비소(mg/kg) : 1.0 이하
8) 대장균군 : 음성
9) 붕해 : 30분 이내","① 알레르기 반응이 나타나는 경우에는 섭취 중단 ② 설사, 위통, 복부팽만 등의 위장관계 장애가 나타나는 경우에는 섭취에 주의","1일 1회, 1회 2정을 물과 함께 섭취하십시오. [700mgⅹ2정/day]",20040020004249,제조일로부터 24개월,1783,"700mg/2정, 1.4g(700mg x 2정), 9.8g(700mg x 14정), 14g(700mg x 20정), 42g(700mg x 60정), 210g(700mg x 300정), 252g(700mg x 360정), 294g(700mg x 420정), 336g(700mg x 480정), 378g(700mg x 540정), 420g(700mg x 600정), …",소버스,http://img.danawa.com/prod_img/500000/204/561/img/7561204_1.jpg?shrink=500:500&_v=20190327160251
20151124,간건강 밀크씨슬,"1. 직사광선을 피해 서늘한 곳에 보관하시고, 어린이의 손이 닿지 않는 곳에 보관하십시오.","[밀크씨슬추출물]① 간 건강에 도움을 줄 수 있음

[비타민B1]①탄수화물과 에너지 대사에 필요

[비타민B2]①체내 에너지 생성에 필요

[판토텐산]①지방, 탄수화물, 단백질 대사와 에너지 생성에 필요

[비타민B6]①단백질 및 아미노산 이용에 필요②혈액의 호모시스테인 수준을 정상으로 유지하는데 필요

[비타민B12]①정상적인 엽산 대사에 필요

[비타민C]①결합조직 형성과 기능유지에 필요②철의 흡수에 필요③유해산소로부터 세포를 보호하는데 필요

[비타민E]①유해산소로부터 세포를 보호하는데 필요

[셀렌]①유해산소로부터 세포를 보호하는데 필요

[아연]①정상적인 면역기능에 필요②정상적인 세포분열에 필요","1) 성상: 이미, 이취가 없고 고유의 향미가 있는 연한 황갈색의 내용물을 함유한 적갈색의 연질캡슐
2) 대장균군: 음성
3) 붕해도: 20분 이내
4) 실리마린: 표시량(130mg/1000mg)의 80~120%
5) 비타민B1: 표시량(1.20mg/1000mg)의 80~180%
6) 비타민B2: 표시량(2.1mg/1000mg)의 80~180%
7) 판토텐산: 표시량(5mg/1000mg)의 80~180%
8) 비타민B6: 표시량(1.5mg/1000mg)의 80~150%
9) 비타민B12: 표시량(2.4ug/1000mg)의 80~180%
10) 비타민C: 표시량(30mg/1000mg)의 80~150%
11) 비타민E: 표시량(3.35mg α-TE/1000mg)의 80~150%
12) 셀렌: 표시량(16.5ug/1000mg)의 80~150%
13) 아연: 표시량(8.5mg/1000mg)의 80~150%
14) 납(mg/kg): 1.0이하
15) 카드뮴(mg/kg): 0.5이하
16) 총수은(mg/kg): 0.5이하
17) 총비소(mg/kg): 1.0이하","① 알레르기 반응이 나타나는 경우에는 섭취 중단 ② 설사, 위통, 복부팽만 등의 위장관계 장애가 나타나는 경우에는 섭취에 주의

1. 임신, 수유부나 의약품을 섭취하시는 분은 섭취 전 전문가와 상담하여 주십시오.
2. 특이체질, 알레르기체질인 경우에는 의사와 상담 후 섭취여부를 결정하십시오.
3. 섭취량 및 섭취방법을 확인한 후 섭취하십시오.
4. 섭취 전에 유통기한을 확인 후 섭취하십시오. 또한 유통기한이 경과한 제품은 섭취하지 마십시오.
5. 이상증상이 생길 경우 섭취를 중단하고, 전문의와 상담하시거나 고객상담실로 문의하시기 바랍니다.","1일 1회, 1회 1캡슐을 물과 함께 섭취하십시오.",20070017035761,제조일로부터24개월,1785,"1,000mg X 6, 10, 30, 60, 90, 120, 150, 180, 210, 240, 270, 360, 365, 450, 540, 630, 720, 810, 900캡슐",중외제약,http://img.danawa.com/prod_img/500000/824/124/img/3124824_1.jpg?shrink=500:500&_v=20180323175334
20150522,간건강 슈퍼케어,"고온다습, 직사광선을 피하여 건냉한 곳에 보관. 어린이 손이 닿지 않는 곳에 보관","[밀크씨슬(카르두스 마리아누스) 추출물 제품]① 간 건강에 도움을 줄 수 있음
[나이아신]①체내 에너지 생성에 필요
[아연]①정상적인 면역기능에 필요②정상적인 세포분열에 필요
[비타민B6]①단백질 및 아미노산 이용에 필요②혈액의 호모시스테인 수준을 정상으로 유지하는데 필요
[비타민B1]①탄수화물과 에너지 대사에 필요
[비타민B2]①체내 에너지 생성에 필요","① 성상 : 이미 이취가 없고, 고유의 향미가 있는 미황색의 제피정제
② 실리마린 : 표시량{130 mg / 600 mg(1정)}의 80%~120%
③ 비타민 B1 : 표시량{1.2 mg / 600 mg(1정)}의 80%~180%
④ 비타민 B2 : 표시량{1.4 mg / 600 mg(1정)}의 80%~180%
⑤ 비타민 B6 : 표시량{1.5 mg / 600 mg(1정)}의 80%~150%
⑥ 나이아신 : 표시량{15 mgNE / 600 mg(1정)}의 80%~150%
⑦ 아연 : 표시량{8.5 mg / 600 mg(1정)}의 80%~150%
⑧ 납(mg/kg) : 1.0 이하
⑨ 카드뮴(mg/kg) : 0.5 이하
⑩ 총수은(mg/kg) : 0.5 이하
⑪ 총비소(mg/kg) : 1.0 이하
⑫ 대장균군 : 음성
⑬ 붕해 : 60분이내","[밀크씨슬(카르두스 마리아누스) 추출물 제품]① 알레르기 반응이 나타나는 경우에는 섭취 중단 ② 설사, 위통, 복부팽만 등의 위장관계 장애가 나타나는 경우에는 섭취에 주의
특이체질, 알레르기 체질이신 분은 원료성분을 확인 후 섭취하여 주십시오.","600 mg 제피정제를 1일 1회, 1정씩 충분한 물과 함께 섭취",20040017025366,제조일로부터 24개월,1792,"600mg × 30정, 60정, 120정, 180정, 240정, 300정, 360정 등",,http://img.danawa.com/prod_img/500000/534/606/img/8606534_1.jpg?shrink=500:500&_v=20190711165028
20180726,간에 좋은 밀크씨슬,"- 개봉 후에는 공기의 노출을 최대한 차단하여 보관하십시오.- 고온다습(30℃ 이상, 상대습도 75% 이상), 직사광선을 피하여 서늘한 곳에 보관하십시오.","① 간 건강에 도움을 줄 수 있음

①탄수화물과 에너지 대사에 필요

①체내 에너지 생성에 필요

①단백질 및 아미노산 이용에 필요②혈액의 호모시스테인 수준을 정상으로 유지하는데 필요

①체내 에너지 생성에 필요

①정상적인 면역기능에 필요②정상적인 세포분열에 필요

①지방, 탄수화물, 단백질 대사와 에너지 생성에 필요

①유해산소로부터 세포를 보호하는데 필요

①세포와 혈액생성에 필요②태아 신경관의 정상 발달에 필요③혈액의 호모시스테인 수준을 정상으로 유지하는데 필요","① 성상 : 이미·이취가 없는 고유의 향미가 있는 회황색 제피정제 
② 실리마린 : 표시량 (130 mg/900 mg)의 80~120%
③ 비타민B1 : 표시량(1.2 mg/900 mg)의 80~180%
④ 비타민B2 : 표시량(1.4 mg/900 mg)의 80~180%
⑤ 비타민B6 : 표시량(1.5 mg/900 mg)의 80~150%
⑥ 나이아신 : 표시량(15 mgNE/900 mg)의 80~150%
⑦ 판토텐산 : 표시량(5 mg/900 mg)의 80~180%
⑧ 엽산 : 표시량(400 ㎍/900 mg)의 80~150%
⑨ 아연 : 표시량(8.5 mg/900 mg)의 80~150%
⑩ 셀렌 : 표시량(55 ㎍/900 mg)의 80~150%
⑪ 납(mg/kg) : 1.0 이하
⑫ 카드뮴(mg/kg) : 0.5 이하
⑬ 총수은(mg/kg) : 0.5 이하
⑭ 총비소(mg/kg) : 1.0 이하
⑮ 대장균군 : 음성
？ 붕해시험 : 적합(60분 이내)
？ 헥산(mg/kg): 5.0이하","- 유통기한을 확인하시기 바라며, 섭취량 및 섭취방법을 준수하시기 바랍니다.
- 특이체질, 알레르기 체질의 경우 개인에 따라 과민반응이 나타날 수 있으므로 원료를 확인한 후 섭취하십시오.
- 알레르기 반응이 나타나는 경우에는 섭취를 중단하시기 바랍니다.
- 설사, 위통, 복부팽만 등의 위장관계 장애가 나타나는 경우에는 섭취에 주의하시기 바랍니다.","1일 1회, 1회 1정을 물과 함께 섭취하십시오.",20120019007257,제조일로부터 24개월까지,1831,"9 g(900mg x 10정), 18 g(900mg x 20정), 27 g(900mg x 30정), 54g(900mg x 60정), 81 g(900mg x 90정), 90 g(900mg x 100정), 108 g(900mg x 120정), 135g (900mg x 150정), 162g(900mg x 180정)",일양약품,http://img.danawa.com/prod_img/500000/147/474/img/9474147_1.jpg?shrink=500:500&_v=20190910141914
20161011,간에 좋은 밀크씨슬 골드,① 직사광선을 받지 않는 서늘한 곳에 보관하십시오.② 어린이의 손이 닿지 않는 곳에 보관하십시오.,"[밀크씨슬(카르두스마리나누스)추출물 제품]① 간 건강에 도움을 줄 수 있음

[비타민B1]①탄수화물과 에너지 대사에 필요

[비타민B2]①체내 에너지 생성에 필요

[비타민B6]①단백질 및 아미노산 이용에 필요②혈액의 호모시스테인 수준을 정상으로 유지하는데 필요

[비타민E]①유해산소로부터 세포를 보호하는데 필요

[아연]①정상적인 면역기능에 필요②정상적인 세포분열에 필요","①성상 : 이미, 이취가 없고 고유의 향미가 있는 황색의 제피정제
②실리마린 : 표시량(130mg/900mg)의 80 ~ 120% 
③비타민B1 : 표시량(1.8mg/900mg)의 80 ~ 180%
④비타민B2 : 표시향(1.4mg/900mg)의 80 ~ 180%
⑤비타민B6 : 표시량(1.5mg/900mg)의 80 ~ 150%
⑥비타민E : 표시량(3.6mg α-TE/900mg)의 80 ~ 150%
⑦아연 : 표시량(3.5mg/900mg)의 80 ~ 150%
⑧납(mg/kg) : 1.0이하
⑨총비소(mg/kg) : 1.0이하
⑩카드뮴(mg/kg) : 0.5이하
⑪총수은(mg/kg) : 0.5이하
⑫대장균군 : 음성
⑬붕해시험 : 물 60분 이내","① 알레르기 반응이 나타나는 경우에는 섭취 중단 ② 설사, 위통, 복부팽만 등의 위장관계 장애가 나타나는 경우에는 섭취에 주의","1일 1회, 1회 1정을 물과 함께 섭취한다.",20040017021614,제조일로부터 24개월,1832,"900mg/정 : 10, 20, 30, 60, 90, 120, 150, 180, 240, 360정 등",녹십자웰빙,http://img.danawa.com/prod_img/500000/424/656/img/3656424_1.jpg?shrink=500:500&_v=20180529105450
20170512,간에는 역시 밀크시슬파워,고온다습한 곳이나 직사광선을 피하여 서늘한 곳에 보관.,"① 간 건강에 도움을 줄 수 있음

①탄수화물과 에너지 대사에 필요

①체내 에너지 생성에 필요

①체내 에너지 생성에 필요

①지방, 탄수화물, 단백질 대사와 에너지 생성에 필요

①단백질 및 아미노산 이용에 필요②혈액의 호모시스테인 수준을 정상으로 유지하는데 필요

①세포와 혈액생성에 필요②태아 신경관의 정상 발달에 필요③혈액의 호모시스테인 수준을 정상으로 유지하는데 필요

①정상적인 면역기능에 필요②정상적인 세포분열에 필요

①유해산소로부터 세포를 보호하는데 필요","(1) 성상 : 이미, 이취가 없으며 고유의 향미를 지닌 미황색의 장방형 제피정제
(2) 실리마린(silybin으로서) : 표시량(130 mg/900 mg)의 80~120%
(3) 나이아신 : 표시량(15 mgNE/900 mg)의 80~150%
(4) 아연 : 표시량(6 mg/900 mg)의 80~150%
(5) 판토텐산 : 표시량(5 mg/900 mg)의 80~180%
(6) 비타민B6 : 표시량(1.5 mg/900 mg)의 80~150%
(7) 비타민B1 : 표시량(1.2 mg/900 mg)의 80~180%
(8) 비타민B2 : 표시량(1.4 mg/900 mg)의 80~180%
(9) 셀레늄 : 표시량(55 ug/900 mg)의 80~150%
(10) 엽산 : 표시량(400 ug/900 mg)의 80~150%
(11) 헥산(mg/kg) : 5.0 이하
(12) 납(mg/kg) : 1.0 이하
(13) 카드뮴(mg/kg) : 0.5 이하
(14) 총수은(mg/kg) : 0.5 이하
(15) 총비소(mg/kg) : 1.0이하
(16) 대장균군 : 음성
(17) 붕해시험 : 적합","① 알레르기 반응이 나타나는 경우에는 섭취 중단 ② 설사, 위통, 복부팽만 등의 위장관계 장애가 나타나는 경우에는 섭취에 주의

알레르기 체질이신 경우 성분을 확인 한 후 섭취하시기 바랍니다.","1일 1회, 1회 1정을 물과 함께 섭취",20040015083887,제조일로부터 24개월,1840,"900 mg × 30 정(27 g), 900 mg × 56 정(50.4 g), 900 mg × 60 정(54 g), 900 mg × 90 정(81 g), 900 mg × 120 정(108 g), 900 mg × 150 정(135 g), 900 mg × 180 정(162 g), 900 mg × 210 정(189 g), 900 mg × 240정(216 g) 등",네이처가든,http://img.danawa.com/prod_img/500000/848/211/img/7211848_1.jpg?shrink=500:500&_v=20191002103249
20171106,간에좋은 밀크씨슬,"고온 다습, 직사광선을 피하여 서늘한 곳에 보관하십시오.","밀크씨슬-① 간 건강에 도움을 줄 수 있음

나이아신-①체내 에너지 생성에 필요

비타민B6-①단백질 및 아미노산 이용에 필요②혈액의 호모시스테인 수준을 정상으로 유지하는데 필요

판토텐산-①지방, 탄수화물, 단백질 대사와 에너지 생성에 필요

나이아신-①체내 에너지 생성에 필요

비타민B1-①탄수화물과 에너지 대사에 필요","(1) 성상 : 이미, 이취가 없는 회황색의 타원형 제피정제
(2) 실리마린 : 표시량(130mg/900mg)의 80～120%
(3) 잔류용매 : (가) 헥산(mg/kg) : 5.0 이하
(4) 중금속 : (가) 납(mg/kg) : 1.0 이하
            (나) 카드뮴(mg/kg) : 0.5 이하
            (다) 총수은(mg/kg) : 0.5 이하
            (라) 총비소(mg/kg) : 1.0 이하
(5) 나이아신 : 표시량(13.5mgNE/900mg) 80~150%
(6) 판토텐산 : 표시량(4.6mg/900mg)의 80~180%
(7) 비타민B6 : 표시량(1.4mg/900mg)의 80~150%
(8) 비타민B1 : 표시량(1.1mg/900mg)의 80~180%
(9) 비타민B2 : 표시량(1.2mg/900mg)의 80~180%
(10) 대장균군 : 음성
(11) 붕해시험 : 60분 이내","① 알레르기 반응이 나타나는 경우에는 섭취 중단하십시오.
② 설사, 위통, 복부팽만 등의 위장관계 장애가 나타나는 경우에는 섭취에 주의하십시오.
③ 알레르기 체질이신 분은 원료 성분을 확인하고 섭취하십시오.
④ 제품 개봉 또는 섭취시 포장재에 의해 상처를 입을 수 있으므로 주의하십시오.","1일 1회, 1회 1정을 충분한 물과 함께 섭취 하십시오.",20040015162177,제조일로부터 2년,1843,"27g(900mg*30정), 54g(900mg*60정), 81g(900mg*90정), 108g(900mg*120정), 162g(900mg*180정)",닥터엘리자베스,http://img.danawa.com/prod_img/500000/567/513/img/9513567_1.jpg?shrink=500:500&_v=20190918163554
20170221,강 쏘팔메토 업그레이드,1) 고온다습한 곳과 직사광선을 피하여 습기가 적고 건조한 곳에 보관하십시오. 2) 개봉 후에는 공기의 노출을 최대한 차단하여 보관 하십시오. 3) 영유아 및 어린이의 손에 닿지 않는 곳에 보관하십시오. 4) 온도 및 습도 등의 변화에 의해 캡슐이 붙는 현상이 발생 될 수 있으나 품질에 이상이 없으니 안심하고 섭취하십시오.,"전립선 건강의 유지에 도움을 줄 수 있음.

①정상적인 면역기능에 필요②정상적인 세포분열에 필요

①지구력 증진에 도움을 줄 수 있음

①유해산소로부터 세포를 보호하는데 필요

①어두운 곳에서 시각 적응을 위해 필요②피부와 점막을 형성하고 기능을 유지하는데 필요③상피세포의 성장과 발달에 필요

①체내 에너지 생성에 필요,항산화에 도움을 줄 수 있음(생리활성기능2등급)","1) 성상 : 진한 적갈색의 내용물을 함유한 갈흑색의 연질캡슐
2) 로르산 : 표시량(115mg/750mg)의 80~120%
3) (all-trans)-lycopene : 표시량(6mg/750mg)의 80~120%
4) 아연 : 표시량(8.5mg/750mg)의 80~150%
5) 옥타코사놀 : 표시량(7mg/750mg)의 80~120%
6) 비타민E : 표시량(11mga-TE/750mg)의 80~150%
7) 비타민A : 표시량(700ug RE/750mg)의 80~150%
8) 비타민B2 : 표시량(1.4mg/750mg)의 80~180%
9) 납(mg/kg) : 1.0 이하
10) 카드뮴(mg/kg) : 1.0 이하
11) 총수은(mg/kg) : 1.0 이하
12) 총비소(mg/kg) : 1.0 이하
13) 초산에틸(mg/kg) : 50.0 이하
14) 대장균군 : 음성
15) 붕해 : 20분",메스꺼움 등 소화계통의 불편함과 설사를 유발할 수 있음.,"1일 1회, 1회 1캡슐을 물과 함께 섭취하십시오.",20060020008142,제조일로부터 2년,1947,"750mg x 1C (0.75g), 2C, 6C, 14C, 20C, 28C, 30C, 56C, 60C, 84C, 90C, 100C, 112C, 120C, 150C, 168C, 180C, 200C, 210C, 224C, 240C, 252C, 270C, 300C, ….",BRC,http://img.danawa.com/prod_img/500000/998/302/img/6302998_1.jpg?shrink=500:500
20171207,건강한 간 밀크씨슬,"고온 다습, 직사광선을 피하여 서늘한 곳에 보관하십시오.","밀크씨슬 - ① 간 건강에 도움을 줄 수 있음

비타민B2-①체내 에너지 생성에 필요

비타민B6-①단백질 및 아미노산 이용에 필요②혈액의 호모시스테인 수준을 정상으로 유지하는데 필요

판토텐산-①지방, 탄수화물, 단백질 대사와 에너지 생성에 필요

아연-①정상적인 면역기능에 필요②정상적인 세포분열에 필요

비타민B1-①탄수화물과 에너지 대사에 필요","(1) 성상 : 이미, 이취가 없고 고유의 향미가 있는 미황색의 타원형 제피정제.
(2) 실리마린 : 표시량(130mg/900mg)의 80～120%
(3) 잔류용매 : (가) 헥산(mg/kg) : 5.0 이하
(4) 중금속 : (가) 납(mg/kg) : 1.0 이하
            (나) 카드뮴(mg/kg) : 0.5 이하
            (다) 총수은(mg/kg) : 0.5 이하
            (라) 총비소(mg/kg) : 1.0 이하
(5) 아연 : 표시량(2.55mg/900mg)의 80～150%
(6) 비타민B1 : 표시량(0.36mg/900mg)의 80～180%
(7) 비타민B2 : 표시량(0.42mg/900mg)의 80～180%
(8) 비타민B6 : 표시량(0.45mg/900mg)의 80～150%
(9) 판토텐산 : 표시량(1.5mg/900mg)의 80～180%
(10) 대장균군 : 음성
(11) 붕해시험 : 60분이내","① 알레르기 반응이 나타나는 경우에는 섭취 중단
② 설사, 위통, 복부팽만 등의 위장관계 장애가 나타나는 경우에는 섭취에 주의","1일 1회, 1회 1정을 충분한 물과 함께 섭취 하십시오.",20040015162181,제조일로부터 2년,2042,900mg x (6정~300정),지엔엠라이프,http://img.danawa.com/prod_img/500000/665/671/img/3671665_1.jpg?shrink=500:500&_v=20181114093905
20190916,건강한 간 밀크씨슬,고온다습한곳과 직사광선을 피하여 습기가 적고 건조한 곳에 보관하십시오.(실온),"① 간 건강에 도움을 줄 수 있음

①정상적인 엽산 대사에 필요

①유해산소로부터 세포를 보호하는데 필요

①단백질 및 아미노산 이용에 필요②혈액의 호모시스테인 수준을 정상으로 유지하는데 필요

①탄수화물과 에너지 대사에 필요

①체내 에너지 생성에 필요

①지방, 탄수화물, 단백질 대사와 에너지 생성에 필요","1) 성상 : 이미·이취가 없으며, 고유의 색택을 가지는 코팅정제
2) 실리마린 : 표시량의 80~120%(표시량 : 130mg/1,300mg)
3) 비타민B12 : 표시량의 80~180%(표시량 : 24ug/1,300mg)
4) 비타민E : 표시량의 80~150%(표시량 : 3.3mg a-TE /1,300mg)
5) 판토텐산 : 표시량의 80~180%(표시량 : 5mg/ 1,300mg)
6) 비타민B6 : 표시량의 80~150%(표시량 : 1.5mg/ 1,300mg)
7) 비타민B1 : 표시량의 80~180%(표시량 : 1.2mg/ 1,300mg)
8) 비타민B2 : 표시량의 80~180%(표시량 : 1.4mg/ 1,300mg)
9) 납(mg/kg) : 1.0 이하
10) 카드뮴(mg/kg) : 0.5 이하
11) 총 수은(mg/kg) : 0.5 이하
12) 총 비소(mg/kg) : 1.0 이하
13) 대장균군 : 음성
14) 붕해 : 적합(60분 이내)","① 알레르기 반응이 나타나는 경우에는 섭취 중단 ② 설사, 위통, 복부팽만 등의 위장관계 장애가 나타나는 경우에는 섭취에 주의","1일 1회, 2정을 물과 함께 섭취하십시오.",20040015104129,제조일로부터 24개월,2043,"650mg X 120 정, 포장단위에 따라 포장",메이플트리,http://img.danawa.com/prod_img/500000/544/647/img/3647544_1.jpg?shrink=500:500&_v=20180919120557
20180621,굿아이 루테인 맥스,1) 고온다습한 곳과 직사광선을 피하여 습기가 적고 건조한 곳에 보관하십시오.2) 개봉 후에는 공기의 노출을 최대한 차단하여 보관 하십시오.3) 영유아 및 어린이의 손에 닿지 않는 곳에 보관하십시오.4) 온도 및 습도 등의 변화에 의해 캡슐이 붙는 현상이 발생 될 수 있으나 품질에 이상이 없으니 안심하고 섭취하십시오.,"①노화로 인해 감소될 수 있는 황반색소밀도를 유지하여 눈 건강에 도움을 줌

①유해산소로부터 세포를 보호하는데 필요

①정상적인 면역기능에 필요②정상적인 세포분열에 필요

①체내 에너지 생성에 필요

①단백질 및 아미노산 이용에 필요②혈액의 호모시스테인 수준을 정상으로 유지하는데 필요

①체내 에너지 생성에 필요

①세포와 혈액생성에 필요②태아 신경관의 정상 발달에 필요③혈액의 호모시스테인 수준을 정상으로 유지하는데 필요

①어두운 곳에서 시각 적응을 위해 필요②피부와 점막을 형성하고 기능을 유지하는데 필요③상피세포의 성장과 발달에 필요

①칼슘과 인이 흡수되고 이용되는데 필요②뼈의 형성과 유지에 필요③골다공증발생 위험 감소에 도움을 줌

①탄수화물과 에너지 대사에 필요

①지방, 탄수화물, 단백질 대사와 에너지 생성에 필요

①지방, 탄수화물, 단백질 대사와 에너지 생성에 필요","1. 성상 : 적색의 내용물을 함유한 흑색의 연질캡슐
2. 루테인 : 표시량(20mg/500mg)의 80~120%
3. 비타민 A : 표시량(700μg RE/500mg)의 80~150%
4. 비타민 D : 표시량(10μg/500mg)의 80~180%
5. 비타민 E : 표시량(11mg α-TE/500mg)의 80~150%
6. 비타민 B1 : 표시량(1.2mg/500mg)의 80~180%
7. 비타민 B2 : 표시량(1.4mg/500mg)의 80~180%
8. 비타민 B6 : 표시량(1.5mg/500mg)의 80~150%
9. 아연 : 표시량(8.5mg/500mg)의 80~150%
10. 나이아신 : 표시량(15mg NE/500mg)의 80~150%
11. 엽산 : 표시량(400μg/500mg)의 80~150%
12. 비오틴 : 표시량(30μg/500mg)의 80~180%
13. 판토텐산 : 표시량(5mg/500mg)의 80~180%
14. 헥산(mg/kg) : 5.0이하
15. 납(mg/kg) : 1.0이하
16. 카드뮴(mg/kg) : 1.0이하
17. 총수은(mg/kg) : 1.0이하
18. 총비소(mg/kg) : 1.0이하
19. 대장균군 : 음성
20. 붕해 : 20분 이내",과다 섭취 시 일시적으로 피부가 황색으로 변할 수 있음,"1일 1회, 1회 1캡슐을 충분한 물과 함께 섭취하십시오",20060020008291,제조일로부터 2년,3317,"500mg × 1C (0.50g), 2C, 3C, 4C, 7C, 8C, 14C, 16C, 21C, 28C, 30C, 44C, 56C, 60C, 84C, 92C100C, 112C, 120C, 152C, 168C, 180C, 200C, 212C, 224C, 240C, 252C, 272C, 300C, ….",SK케미칼,http://img.danawa.com/prod_img/500000/703/568/img/6568703_1.jpg?shrink=160:160&_v=20181105154724
20150522,남양931 플러스,"1) 직사광선이나 고온다습한 곳을 피하여 청결하고 서늘한 곳에 보관하십시오
2) 영.유아 및 어린이의 손에 닿지 않는 곳에 보관하십시오
3) 잘못된 사용 및 남용을 피하고 품질보존을 위해 다른 용기에 넣지 마십시오",[밀크씨슬(카르두스 마리아누스) 추출물 제품]① 간 건강에 도움을 줄 수 있음,"1) 성상 : 흑갈색의 내용물을 함유한 진초록색의 연질캡슐
2) 실리마린 : 표시량 130.00mg/3,000mg 의 80~120%
3) 대장균군 : 음성
4) 붕해 : 20분 이내
5) 납(mg/kg) : 1.0 이하
6) 카드뮴(mg/kg) : 0.5 이하
7) 총수은(mg/kg) : 0.5 이하
8) 총비소(mg/kg) : 1.0 이하","[밀크씨슬(카르두스 마리아누스) 추출물 제품]① 알레르기 반응이 나타나는 경우에는 섭취 중단 ② 설사, 위통, 복부팽만 등의 위장관계 장애가 나타나는 경우에는 섭취에 주의","1일 3회, 1회 2캡슐을 물과 함께 섭취 하십시오.",20040020004193,24개월,3936,"10.00g(500mg x 20캡슐), 45.00g(500mg x 90캡슐), 90.00g(500mg x 180캡슐), 180.00g(500mg x 360캡슐), 270.00g(500mg x 540캡슐)",유니베라,http://img.danawa.com/prod_img/500000/108/915/img/4915108_1.jpg?shrink=500:500&_v=20180213150456
20190117,남자팔팔,1) 고온다습한 곳과 직사광선을 피하여 습기가 적고 건조한 곳에 보관하십시오. 2) 개봉 후에는 공기의 노출을 최대한 차단하여 보관 하십시오. 3) 영유아 및 어린이의 손에 닿지 않는 곳에 보관하십시오. 4) 온도 및 습도 등의 변화에 의해 캡슐이 붙는 현상이 발생 될 수 있으나 품질에 이상이 없으니 안심하고 섭취하십시오.,"①전립선 건강의 유지에 도움을 줄 수 있음

①정상적인 면역기능에 필요②정상적인 세포분열에 필요

①지구력 증진에 도움을 줄 수 있음

①탄수화물과 에너지 대사에 필요

①뼈 형성에 필요②에너지 이용에 필요③유해산소로부터 세포를 보호하는데 필요","1. 성상 : 진한 노랑색의 내용물을 함유한 흑색의 연질캡슐
2. 로르산 : 표시량(70mg/900mg)의 80~120%
3. 옥타코사놀 : 표시량(7mg/900mg)의 80~120%
4. 아연 : 표시량(4.25mg/900mg)의 80~150%
5. 비타민B1 : 표시량(0.96mg/900mg)의 80~180%
6. 망간 : 표시량(4mg/900mg)의 80~150%
7. 납(mg/kg) : 1.0이하
8. 카드뮴(mg/kg) : 1.0이하
9. 총수은(mg/kg) : 1.0이하
10. 총비소(mg/kg) : 1.0이하
11. 대장균군 : 음성
12. 붕해 : 20분 이내",메스꺼움 등 소화계통의 불편함과 설사를 유발할 수 있음,"1일 1회, 1회 1캡슐을 물과 함께 섭취하십시오",2004001536227,24개월,3949,"900mg × 1C (0.900g), 2C, 4C, 6C, 7C, 8C, 10C, 14C, 16C, 20C, 24C, 28C, 30C, 40C, 44C, 50C, 56C, 60C, 84C, 92C, 100C, 112C, 120C, 152C, 168C, 180C, 200C, 212C, 224C, 240C, 252C, 272C, 300C, ….",씨스팡,http://img.danawa.com/prod_img/500000/027/507/img/9507027_1.jpg?shrink=160:160&_v=20190918105241
20150522,내눈앤,"직사광선을 받지 아니하는 서늘한 곳에서 보관 및 유통하시고, 어린이의 손에 닿지 않는 곳에 보관하여 주십시오.","노화로 인해 감소될 수 있는 황반색소밀도를 유지하여 눈 건강에 도움을 줌

①어두운 곳에서 시각 적응을 위해 필요②피부와 점막을 형성하고 기능을 유지하는데 필요③상피세포의 성장과 발달에 필요

①결합조직 형성과 기능유지에 필요②철의 흡수에 필요③유해산소로부터 세포를 보호하는데 필요

①유해산소로부터 세포를 보호하는데 필요

①정상적인 면역기능에 필요②정상적인 세포분열에 필요

(EPA 및 DHA 함유 유지)혈중 중성지질 개선·혈행 개선·기억력 개선·건조한 눈을 개선하여 눈 건강에 도움을 줄 수 있음","성상  : 적색의 내용물을 함유한 녹색의 연질캡슐
EPA와 DHA의 합 : 표시량의 80~120% (표시량 : 1,000 ㎎ / 2,400 ㎎)
루테인 : 표시량의 80~120 % (표시량 : 20 ㎎ / 2,400 ㎎)
비타민A : 표시량의 80~150 % (표시량 : 708 ㎍RE / 2,400 ㎎)
비타민C : 표시량의 80~150 % (표시량 : 350 ㎎ / 2,400 ㎎)
비타민E : 표시량의 80~150 % (표시량 : 67.2 ㎎α-TE / 2,400 ㎎)
아연 : 표시량의 80~150 % (표시량 : 12 ㎎ / 2,400 ㎎)
납(mg/kg) : 1.0 이하 
카드뮴(mg/kg) : 1.0 이하
총비소 (mg/kg) : 1.0 이하
총수은 (mg/kg) : 0.5 이하
헥산 (mg/kg) : 5.0 이하
대장균군 : 음성
붕해시험 : 적합",과다 섭취 시 일시적으로 피부가 황색으로 변할 수 있음.,"1일 2회, 1회 2캡슐을 물과 함께 섭취하십시오.",200400200071205,제조일로부터 24개월까지,3981,"600mg x 10, 30, 60, 90, 120, 180, 240, 300, 360, 480, 600, 720, 840, 960캡슐",한미약품,http://img.danawa.com/prod_img/500000/850/637/img/3637850_1.jpg?shrink=160:160&_v=20180820105223
20161214,내몸애(愛) 발란스 프리미엄 루테인,"직사광선을 피하여 실온에 보관하시고, 영·유아 및 어린이의 손이 닿지 않는 곳에 보관하십시오.","①체내 에너지 생성에 필요

①정상적인 면역기능에 필요②정상적인 세포분열에 필요

①뼈 형성에 필요②에너지 이용에 필요③유해산소로부터 세포를 보호하는데 필요

①유해산소로부터 세포를 보호하는데 필요

①어두운 곳에서 시각 적응을 위해 필요②피부와 점막을 형성하고 기능을 유지하는데 필요③상피세포의 성장과 발달에 필요

노화로 인해 감소될 수 있는 황반색소밀도를 유지하여 눈 건강에 도움을 줌","1. 성상 : 이미, 이취가 없고 고유의 향미가 있는 주황색 내용물을 함유한 갈색 연질캡슐
2. 루테인 : 표시량(20 mg/500 mg)의 80~120%
3. 나이아신 : 표시량(15 mg/500 mg)의 80~150%
4. 아연 : 표시량(8.5 mg/500 mg)의 80~150%
5. 망간 : 표시량(3 mg/500 mg)의 80~150%
6. 셀레늄 : 표시량(55 ug/500 mg)의 80~150%
7. 비타민A : 표시량(700 ugRE/500 mg)의 80~150%
8. 헥산(mg/kg) : 5.0 이하
9. 초산에틸(mg/kg) : 50.0 이하
10. 납(mg/kg) : 1.0 이하
11. 카드뮴(mg/kg) : 1.0 이하
12. 총수은(mg/kg) : 1.0 이하
13. 총비소(mg/kg) : 1.0 이하
14. 대장균군 : 음성
15. 붕해시험 : 20분 이내 적합",과다 섭취 시 일시적으로 피부가 황색으로 변할 수 있음,"1일 1회, 1회 1캡슐을 충분한 물과 함께 섭취하십시오.",20040020068444,제조일로부터 24개월까지,3994,"500mg X 30캡슐, 500mg X 60캡슐, 500mg X 90캡슐, 500mg X 120캡슐, 500mg X 240캡슐 등",서울약산신협,http://img.danawa.com/prod_img/500000/350/376/img/9376350_1.jpg?shrink=160:160&_v=20190916093512
20180406,네이처드림 눈에좋은 루테인11,"고온, 다습한 곳과 직사광선을 피하여 서늘한 곳에 보관하십시오.","①노화로 인해 감소될 수 있는 황반색소밀도를 유지하여 눈 건강에 도움을 줌

①어두운 곳에서 시각 적응을 위해 필요②피부와 점막을 형성하고 기능을 유지하는데 필요③상피세포의 성장과 발달에 필요

①유해산소로부터 세포를 보호하는데 필요

①정상적인 면역기능에 필요②정상적인 세포분열에 필요

①유해산소로부터 세포를 보호하는데 필요

①체내 에너지 생성에 필요

①뼈 형성에 필요②에너지 이용에 필요③유해산소로부터 세포를 보호하는데 필요

①정상적인 엽산 대사에 필요

①철의 운반과 이용에 필요②유해산소로부터 세포를 보호하는데 필요

①단백질 및 아미노산 이용에 필요②혈액의 호모시스테인 수준을 정상으로 유지하는데 필요

①세포와 혈액생성에 필요②태아 신경관의 정상 발달에 필요③혈액의 호모시스테인 수준을 정상으로 유지하는데 필요","(1) 성상 : 이미, 이취가 없고 고유의 향미가 있는 빨간주황색의 내용물을 함유하는 적갈색의 연질캡슐
(2) 루테인 : 표시량(20mg/750mg)의 80～120%
(3) 중금속
   (가) 납(mg/kg) : 1.0 이하
   (나) 카드뮴(mg/kg) : 1.0 이하
   (다) 총수은(mg/kg) : 1.0 이하
   (라) 총비소(mg/kg) : 1.0 이하
(4) 비타민 E : 표시량(11.1㎎ α-TE/750mg)의 80～150%
(5) 아연 : 표시량(8.5mg/750mg)의 80～150%
(6) 셀레늄 : 표시량(18ug/750mg)의 80～150%
(7) 나이아신 : 표시량(13.52mgNE/750mg)의 80～150%
(8) 망간 : 표시량(2.21mg/750mg)의 80～150%
(9) 비타민 B12 : 표시량(2.93ug/750mg)의 80～180%
(10) 구리 : 표시량(0.8mg/750mg)의 80～150%
(11) 비타민 A : 표시량(750ugRE/750mg)의 80～150%
(12) 비타민 B6 : 표시량(1.58mg/750mg)의 80～150%
(13) 엽산 : 표시량(400ug/750mg)의 80～150%
(14) 대장균군 : 음성
(15) 붕해시험 : 20분 이내",과다 섭취 시 일시적으로 피부가 황색으로 변할 수 있음,"1일 1회, 1회 1캡슐(750mg) 충분한 물과 함께 섭취하십시오.",20040015162205,제조일로부터 2년,4095,750mg x (10~300캡슐),네이처드림,http://i.011st.com/ex_t/R/400x400/1/85/0/src/pd/19/8/9/0/2/4/1/fsbnf/2092890241_B.jpg
20180709,네이처드림 몸에 좋은 멀티비타민17,습기 및 열에 의해 품질에 영향을 받을 수 있으므로 직사광선을 피해 서늘한 곳에 보관하십시오.,"①어두운 곳에서 시각 적응을 위해 필요②피부와 점막을 형성하고 기능을 유지하는데 필요③상피세포의 성장과 발달에 필요

①탄수화물과 에너지 대사에 필요

①체내 에너지 생성에 필요

①단백질 및 아미노산 이용에 필요②혈액의 호모시스테인 수준을 정상으로 유지하는데 필요

①유해산소로부터 세포를 보호하는데 필요

①체내 에너지 생성에 필요

①지방, 탄수화물, 단백질 대사와 에너지 생성에 필요

①세포와 혈액생성에 필요②태아 신경관의 정상 발달에 필요③혈액의 호모시스테인 수준을 정상으로 유지하는데 필요

①칼슘과 인이 흡수되고 이용되는데 필요②뼈의 형성과 유지에 필요③골다공증발생 위험 감소에 도움을 줌

①정상적인 엽산 대사에 필요

①정상적인 혈액응고에 필요②뼈의 구성에 필요

①정상적인 면역기능에 필요②정상적인 세포분열에 필요

①뼈 형성에 필요②에너지 이용에 필요③유해산소로부터 세포를 보호하는데 필요

①유해산소로부터 세포를 보호하는데 필요

①산화,환원 효소의 활성에 필요

①체내 산소운반과 혈액생성에 필요②에너지 생성에 필요

①갑상선 호르몬의 합성에 필요②에너지 생성에 필요③신경발달에 필요","(1) 성상 : 이미, 이취가 없고 고유의 향미가 있는 밝은 회황색의 정제
(2) 비타민A :  표시량(700ug RE/900mg)의 80~150%
(3) 비타민B1 : 표시량(1.2mg/900mg)의 80~180%
(4) 비타민B2 : 표시량(1.4mg/900mg)의 80~180%
(5) 비타민B6 : 표시량(1.5mg/900mg)의 80~150%
(6) 비타민E  : 표시량(11mg a-TE/900mg)의 80~150%
(7) 나이아신 : 표시량(15mg NE/900mg)의 80~150%
(8) 판토텐산 : 표시량(5mg/900mg)의 80~180%
(9) 엽산     :  표시량(400ug/900mg)의 80~150%
(10) 비타민D : 표시량(10ug/900mg)의 80~180%
(11) 비타민B12 : 표시량(2.4ug/900mg)의 80~180%
(12) 비타민K : 표시량(70ug/900mg)의 80~180%
(13) 아연   :  표시량(8.5mg/900mg)의 80~150%
(14) 망간   :  표시량(3mg/900mg)의 80~150%
(15) 셀레늄 :  표시량(55ug/900mg)의 80~150%
(16) 몰리브덴 : 표시량(25ug/900mg)의 80~180%
(17) 철     :   표시량(12mg/900mg)의 80~150%
(18) 요오드 :   표시량(150ug/900mg)의 80~150%
(19) 대장균군 :   음성
(20) 붕해시험 :   30분이내",특히 6세 이하는 과량섭취하지 않도록 주의,"1일 1회, 1회 1정을 충분한 물과 함께 섭취하십시오.",20040015162229,제조일로부터 24개월까지,4096,900mg x (10정~500정),네이처드림,http://img.danawa.com/prod_img/500000/794/665/img/6665794_1.jpg?shrink=500:500&_v=20181120140822
20171222,네이처드림 뼈에좋은 비타민D,습기 및 열에 의해 품질에 영향을 받을 수 있으므로 직사광선을 피해 서늘한 곳에  보관하십시오.,①칼슘과 인이 흡수되고 이용되는데 필요②뼈의 형성과 유지에 필요③골다공증발생 위험 감소에 도움을 줌,"(1) 성상 : 이미, 이취가 없고 고유의 향미가 있는 노란하양색의 장방형 정제.
(2) 비타민D : 표시량(50ug/450mg)의 80~180%
(3) 대장균군 : 음성","-특이체질, 알레르기 체질인 경우 개인에 따라 과민반응을 나타낼 수 있으므로 원료를 확인 후 섭취 하십시오.
-어린이의 경우 섭취시 목에 걸릴 우려가 있으니 보호자의 지도하에 섭취하시기 바랍니다.
-제품 개봉 또는 섭취시 포장재에 의해 상처를 입을 수 있으니 주의하십시오.","1일 1회, 1회 1정을 씹어서 섭취하십시오.",20040015162186,제조일로부터 2년 까지,4097,450mg x (10정~200정),네이처드림,http://img.danawa.com/prod_img/500000/214/666/img/6666214_1.jpg?shrink=500:500&_v=20181120143214
20170821,네이처드림 뼈에좋은 칼슘 마그네슘 비타민D 아연,고온다습한 곳이나 직사광선을 피하여 서늘한 곳에 보관.,"①칼슘과 인이 흡수되고 이용되는데 필요②뼈의 형성과 유지에 필요③골다공증발생 위험 감소에 도움을 줌

①뼈와 치아 형성에 필요②신경과 근육 기능 유지에 필요③정상적인 혈액응고에 필요④골다공증발생 위험 감소에 도움을 줌

①에너지 이용에 필요②신경과 근육 기능 유지에 필요

①정상적인 면역기능에 필요②정상적인 세포분열에 필요","(1) 성상 : 이미, 이취가 없고 고유의 향미가 있는 백색의 타원형 제피정제.
(2) 비타민 D : 표시량(12.8ug/1,000 mg)의 80~180%
(3) 칼슘 : 표시량(210mg/1,000mg)의 80~150%
(4) 마그네슘 : 표시량(126mg/1,000 mg)의 80~150%
(5) 아연 : 표시량(8.5mg/1,000mg)의 80~150%
(6) 대장균군 : 음성
(7) 붕해시험 : 적합",알레르기 체질이신 경우 성분을 확인 한 후 섭취하시기 바랍니다.,"1일 1회, 1회 1정을 충분한 물과 함께 섭취",20040015083920,제조일로부터 24개월,4098,"1,000 mg × 30 정(30 g), 1,000 mg × 60 정(60 g), 1,000 mg × 120 정(120 g), 1,000 mg × 150 정(150 g), 1,000 mg × 180 정(180 g), 1,000 mg × 210 정(210 g), 1,000 mg × 240 정(240 g), 1,000 mg × 300 정(300 g), 1,000 mg × 360 정(360 g) 등.",네이처드림,http://img.danawa.com/prod_img/500000/775/825/img/5825775_1.jpg?shrink=500:500&_v=20180122123000
20170602,네이처드림 장에 좋은 프로바이오틱스,고온다습한 곳이나 직사광선을 피하여 서늘한 곳에 보관.,"①유산균 증식 및 유해균 억제에 도움을 줄 수 있음 ②배변활동 원활에 도움을 줄 수 있음 

①정상적인 면역기능에 필요②정상적인 세포분열에 필요

①유해산소로부터 세포를 보호하는데 필요","(1) 성상 : 이미, 이취가 없고 고유의 향미가 있는 밝은 회황색의 내용물을 함유한 미황색의 경질캡슐
(2) 프로바이오틱스 수 : 표시량(100,000,000 CFU/250mg) 이상
(3) 아연 : 표시량(5mg/250mg)의 80~150%
(4) 셀레늄 : 표시량(55㎍/250mg)의 80~150%
(5) 대장균군 : 음성
(6) 붕해시험 : 적합","질환이 있거나 의약품 복용 시 전문가와 상담할 것.
알레르기 체질 등은 개인에 따라 과민반응을 나타낼 수 있음.
어린이가 함부러 섭취하지 않도록 일일섭취량 방법을 지도할 것.
이상사례 발생 기 섭취를 중단하고 전문가와 상담할 것.
알레르기 체질이신 경우 성분을 확인 한 후 섭취하시기 바랍니다.","1일 1회, 1회 1캡슐을 충분한 물과 함께 섭취.",20040015083902,제조일로부터 24개월,4099,"250 mg × 30캡슐(7.5 g), 250 mg × 60캡슐(15 g), 250 mg × 90캡슐(22.5 g), 250 mg × 120캡슐(30 g), 250 mg × 150캡슐(37.5 g), 250 mg × 180캡슐(45 g), 250 mg × 210캡슐(52.5 g), 250 mg × 240캡슐(60 g), 250 mg × 270캡슐(67.5 g), 250 mg × 300캡슐(75 g), 250 mg × 360캡슐(90 g), 등.",네이처드림,http://img.danawa.com/prod_img/500000/858/825/img/5825858_1.jpg?shrink=500:500&_v=20180403143524
20180905,노르웨이 오메가-3,1) 고온다습한 곳과 직사광선을 피하여 습기가 적고 건조한 곳에 보관하십시오. 2) 개봉 후에는 공기의 노출을 최대한 차단하여 보관 하십시오. 3) 영유아 및 어린이의 손에 닿지 않는 곳에 보관하십시오. 4) 온도 및 습도 등의 변화에 의해 캡슐이 붙는 현상이 발생 될 수 있으나 품질에 이상이 없으니 안심하고 섭취하십시오.,①혈중 중성지질 개선·혈행 개선에 도움을 줄 수 있음,"1. 성상 : 황색의 내용물을 함유한 투명의 연질캡슐
2. EPA와 DHA의 합 : 표시량(500mg/1000mg)의 80~120%
3. 납(mg/kg) : 3.0 이하
4. 카드뮴(mg/kg) : 1.0 이하 
5. 총수은(mg/kg) : 0.5 이하
6. 대장균군 : 음성
7. 붕해 : 20분 이내","특정질환, 특이체질, 알레르기체질, 임산부의 경우에는 간혹 개인에 따라 과민반응이 나타날 수 있으므로 원료를 확인하시고, 섭취전에 전문가와 상담하시기 바랍니다.","1일 1회, 1회 1캡슐을 물과 함께 섭취하십시오.",20060020008318,제조일로부터 2년,4140,"1000mg × 1C (0.5g), 2C, 4C, 6C, 7C, 8C, 10C, 14C, 16C, 20C, 28C, 30C, 40C, 44C, 50C, 56C, 60C, 84C, 90C, 92C, 100C, 112C, 120C, 152C, 168C, 180C, 200C, 212C, 224C, 240C, 252C, 272C, 300C, ….",CJ제일제당,http://img.danawa.com/prod_img/500000/224/874/img/8874224_1.jpg?shrink=500:500
20180221,녹십자웰빙식물성오메가3,수분 및 열에 의해 영향을 받을 수 있으므로 직사광선을 피해 서늘한 곳에 보관하십시오. 어린이 손에 닿지 않는 곳에 보관하십시오.,",혈중 중성지질 개선 · 혈행 개선에 도움을 줄 수 있음.","1) 성상 : 고유의 색택과 향미를 가지고 이미, 이취가 없어야 한다. 
2) EPA와 DHA의합 : 표시량(500mg/1000mg)의 80%~120% 
3) 납(mg/kg) : 3.0 이하
4) 카드뮴(mg/kg) : 1.0 이하
5) 총수은(mg/kg) : 0.5 이하
6) 대장균군 : 음성
7) 붕해시험 : 20분 이내","섭취 시 목에 걸릴 수 있으므로 반드시 물과 함께 섭취하십시오. 
섭취 시 위장장애, 소화불량의 증상이 있을 경우 섭취를 중단하십시오.
개인의 신체 상태에 따라 이상 증상이 생길 경우 섭취를 중단하십시오.
섭취 전 제품에 이상이 있는 경우 섭취를 금하십시오.
특정 원료 성분에 알레르기 체질은 원료 성분을 확인 후 섭취하십시오.","1일 2회, 1회 2캡슐을 충분한 물과 함께 섭취하십시오. 1일 1회, 1회 4캡슐을 충분한 물과 함께 섭취하십시오.",200400200022127,제조일로부터 2년,4193,"250mg * 6, 10, 18, 30, 45, 60, 90, 120, 135, 150, 180, 270, 300, 360, 450, 500, 540, 750, 1000캡슐 등.",녹십자웰빙,http://img.danawa.com/prod_img/500000/325/494/img/5494325_1.jpg?shrink=500:500
20180122,누네존루테인,1) 고온다습한 곳과 직사광선을 피하여 습기가 적고 건조한 곳에 보관하십시오.2) 개봉 후에는 공기의 노출을 최대한 차단하여 보관 하십시오.3) 영유아 및 어린이의 손에 닿지 않는 곳에 보관하십시오.4) 온도 및 습도 등의 변화에 의해 캡슐이 붙는 현상이 발생 될 수 있으나 품질에 이상이 없으니 안심하고 섭취하십시오.,"①어두운 곳에서 시각 적응을 위해 필요②피부와 점막을 형성하고 기능을 유지하는데 필요③상피세포의 성장과 발달에 필요

①유해산소로부터 세포를 보호하는데 필요

노화로 인해 감소될 수 있는 황반색소밀도를 유지하여 눈 건강에 도움을 줌","1. 성상:이미, 이취가 없고 고유의 향미가 있는 적색의 내용물을 함유한 적갈색의 연질캡슐
2. 루테인:표시량(20mg/500mg)의 80~120%
3. 비타민A:표시량(0.7mgRE/500mg)의 80~150%
4. 셀레늄:표시량(0.055mg/500mg)의 80~150%
5. 헥산(mg/kg):5.0이하
6. 납(mg/kg): 1.0이하
7. 카드뮴(mg/kg): 1.0이하
8. 총 수은(mg/kg): 1.0이하
9. 총 비소(mg/kg): 1.0이하
10. 대장균군 : 음성
11. 붕해시험 : 적합(20분이내)",과다 섭취 시 일시적으로 피부가 황색으로 변할 수 있음,"1일 1회, 1회 1캡슐을 물과 함께 섭취하십시오.",20040017068184,24개월,4265,"500mg x 1C (0.5g),1C, 2C, 3C, 7C, 14C, 20C, 28C, 30C, 56C, 60C, 84C, 90C, 100C, 112C, 120C, 150C, 168C, 180C, 200C, 210C, 224C, 240C, 252C, 270C, 300C",일양약품,http://img.danawa.com/prod_img/500000/039/876/img/1876039_1.jpg?shrink=160:160&_v=20190916141340
20150522,눈 밝은 세상,"1) 고온다습한 곳과 직사광선을 피하여 습기가 적고 건조한 곳에 보관하십시오
2) 개봉 후에는 뚜껑을 닫고 공기의 노출을 최대한 차단하여 보관 하십시오
3) 영유아 및 어린이의 손에 닿지 않는 곳에 보관하십시오
4) 온도 및 습도등의 변화에 의해 캡슐이 붙는 현상이 발생될 수 있으나 품질에 이상이 없으니 안심하고 섭취하십시오","[루테인지아잔틴복합추출물20%] 노화로 인해 감소될 수 있는 황반색소밀도를 유지하여 눈 건강에 도움을 줄 수 있음
[베타카로틴]①어두운 곳에서 시각 적응을 위해 필요②피부와 점막을 형성하고 기능을 유지하는데 필요③상피세포의 성장과 발달에 필요","1. 성상 : 적갈색의 내용물을 함유한 주황색의 연질캡슐
2. 루테인 : 표시량(16mg/700mg)의 80~120%
3. 지아잔틴 : 표시량(4mg/700mg)의 80~120%
4. 베타카로틴 : 표시량(0.42mg/700mg)의 80~150%
5. 납(mg/kg) : 2.0 이하
6. 총비소(mg/kg) : 1.0 이하
7. 카드뮴(mg/kg) : 0.5 이하
8. 총수은(mg/kg) : 0.5 이하
9. 헥산(mg/kg) : 5.0 이하
10. 메탄올(mg/kg) : 50.0 이하
11. 대장균군 : 음성
12. 붕해 : 20분이내","[루테인지아잔틴복합추출물20%]1. 임산부는 섭취 전 의사와 상담이 필요합니다.2. 과다 섭취 시 일시적으로 피부가 황색으로 변할 수 있습니다.
특정질환, 특이체질, 알레르기체질, 임산부의 경우에는 간혹 개인에 따라 과민반응이 나타날 수 있으므로 원료를 확인하시고, 섭취전에 전문가와 상담하시기 바랍니다",1일 1회 1회 1캡슐을 물과 함께 섭취하십시오.,200400200081282,제조일로부터 2년,4288,"700mg x 1C (0.7g), 14C,  28C, 30C, 56C, 60C, 84C, 90C, 120C, 150C, 168C, 180C, 210C, 240C, 252C, 270C, 300C, …",대상웰라이프,http://img.danawa.com/prod_img/500000/566/986/img/6986566_1.jpg?shrink=160:160&_v=20190605100711
20180821,눈건강365 루테인지아잔틴,"직사광선을 받지 아니하는 서늘한 곳에서 보관 및 유통, 어린이의 손에 닿지 않도록 주의","[루테인지아잔틴복합추출물] 노화로 인해 감소될 수 있는 황반색소밀도를 유지하여 눈 건강에 도움을 줄 수 있음

[비타민A] ①어두운 곳에서 시각 적응을 위해 필요②피부와 점막을 형성하고 기능을 유지하는데 필요③상피세포의 성장과 발달에 필요

[비타민B1] ①탄수화물과 에너지 대사에 필요

[비타민B2] ①체내 에너지 생성에 필요

[비타민E] ①유해산소로부터 세포를 보호하는데 필요

[셀렌] ①유해산소로부터 세포를 보호하는데 필요

[아연] ①정상적인 면역기능에 필요②정상적인 세포분열에 필요","1) 성상 : 적색의 내용물을 함유한 적색반투명의 연질캡슐
2) 루테인 : 표시량의 80 ~ 120% (표시량 : 9.1 mg / 500mg)
3) 지아잔틴 : 표시량의 80 ~ 120% (표시량 : 0.91mg / 500mg) 
4) 비타민A : 표시량의 80 ~ 150% (표시량 : 210 ㎍RE / 500mg)
5) 비타민B1 : 표시량의 80 ~ 180% (표시량 : 0.36 mg / 500mg)
6) 비타민B2 : 표시량의 80 ~ 180% (표시량 : 0.42 mg / 500mg)
7) 비타민E : 표시량의 80 ~ 150% (표시량 : 3.3mgα-TE / 500mg)
8) 아연 : 표시량의 80 ~ 150% (표시량 : 2.6 mg / 500mg)
9) 셀렌 : 표시량의 80 ~ 150% (표시량 : 17 ㎍/ 500mg)
10) 헥산(mg/kg) : 5.0 이하
11) 납(mg/kg): 0.5 이하
12) 카드뮴(mg/kg): 0.1 이하
13) 총수은(mg/kg): 0.1 이하
14) 총비소(mg/kg): 0.1 이하
15) 대장균군 : 음성
16) 붕해 : 적합(20분 이내)","영·유아, 어린이, 임산부 및 수유부는 섭취에 주의, 과다 섭취 시 일시적으로 피부가 황색으로 변할 수 있음
① 어린이의 경우 섭취 시 목에 걸릴 우려가 있으니 보호자의 지도하에 섭취하십시오.
② 특이체질, 알레르기 체질의 경우 성분을 확인하시고 섭취하여 주시기 바랍니다.","1일 1회, 1회 1캡슐을 물과 함께 섭취",200400200072013,제조일로부터 24개월,4316,"500 mg x 30, 45, 60, 90, 100, 112, 120, 150, 160, 180, 200, 210, 240, 270, 300, 330, 360, 400, 450, 480, 540, 720 캡슐 등",팜스빌,http://img.danawa.com/prod_img/500000/338/475/img/6475338_1.jpg?shrink=160:160&_v=20190605100146
20170421,눈건강N 루테인,습기가 적고 직사광선을 받지 않는 실온에 보관하십시오.,"①어두운 곳에서 시각 적응을 위해 필요②피부와 점막을 형성하고 기능을 유지하는데 필요③상피세포의 성장과 발달에 필요

①유해산소로부터 세포를 보호하는데 필요

①정상적인 면역기능에 필요②정상적인 세포분열에 필요

①유해산소로부터 세포를 보호하는데 필요

노화로 인해 감소될 수 있는 황반색소밀도를 유지하여 눈 건강에 도움을 줌","1. 성상 : 주황색의 내용물을 함유한 흑색의 연질캡슐
2. 루테인 함량 : 표시량(20mg/500mg)의 80 ~ 120%
3. 비타민E 함량 : 표시량(3.3mg α-TE/500mg)의 80~150% 
4. 베타카로틴 함량 : 표시량(1mg/500mg)의 80~150%
5. 아연 함량 : 표시량(2.55mg/500mg)의 80~150%
6. 셀렌 함량: 표시량(16.5ug/500mg)의 80~150%
7. 헥산(mg/kg) : 5.0 이하
8. 납(mg/kg) : 1.0 이하
9. 카드뮴(mg/kg) : 1.0 이하
10. 총수은(mg/kg) : 1.0 이하
11. 총비소(mg/kg) : 1.0 이하
12. 대장균군 : 음성 
13. 붕해시험 : 20분 이내",과다 섭취 시 일시적으로 피부가 황색으로 변할 수 있음,"1일 1회, 1회 1캡슐씩 물과 함께 섭취",200600200031106,제조일로부터 2년,4317,"500mg×1캅셀, 6캅셀, 12캅셀, 18캅셀, 24캅셀, 30캅셀, 36캅셀, 42캅셀, 48캅셀, 54캅셀, 60캅셀, 90캅셀, 120캅셀, 150캅셀, 180캅셀, 210캅셀, 240캅셀",종근당건강,http://img.danawa.com/prod_img/500000/280/268/img/5268280_1.jpg?shrink=160:160&_v=20181102115255
20171226,눈사랑 루테인 에이스ACE,1) 고온다습한 곳과 직사광선을 피하여 습기가 적고 건조한 곳에 보관하십시오.2) 개봉 후에는 공기의 노출을 최대한 차단하여 보관 하십시오.3) 영유아 및 어린이의 손에 닿지 않는 곳에 보관하십시오.4) 온도 및 습도 등의 변화에 의해 캡슐이 붙는 현상이 발생 될 수 있으나 품질에 이상이  없으니 안심하고 섭취하십시오.,"①결합조직 형성과 기능유지에 필요②철의 흡수에 필요③유해산소로부터 세포를 보호하는데 필요

①정상적인 면역기능에 필요②정상적인 세포분열에 필요

①유해산소로부터 세포를 보호하는데 필요

①어두운 곳에서 시각 적응을 위해 필요②피부와 점막을 형성하고 기능을 유지하는데 필요③상피세포의 성장과 발달에 필요

노화로 인해 감소될 수 있는 황반색소밀도를 유지하여 눈 건강에 도움을 줌","1) 성상 : 진한주황색의 내용물을 함유한 적갈색의 연질캡슐
2) 루테인 : 표시량(20mg/500mg)의 80~120%
3) 비타민C : 표시량(31.5mg/500mg) 의 80~150%
4) 아연 : 표시량(7.2mg/500mg) 의 80~150%
5) 비타민E : 표시량(3.3mg a-TE/500mg) 의 80~150%
6) 비타민A : 표시량(700㎍ RE/500mg)의 80~150%
7) 납(mg/kg) : 1.0 이하
8) 카드뮴(mg/kg) : 1.0 이하
9) 총수은(mg/kg) : 1.0 이하
10) 총비소(mg/kg) : 1.0 이하
11) 헥산(mg/kg) : 5.0 이하 
12) 대장균군 : 음성
13) 붕해 : 20분이내",과다 섭취 시 일시적으로 피부가 황색으로 변할 수 있음,"1일 1회, 1회 1캡슐(1캡슐/500mg)을 물과 함께 섭취하십시오.",20060020008234,제조일로부터 2년,4344,"500mg x 1C (0.5g), 2C, 3C, 4C, 7C, 14C, 21C, 28C, 30C, 56C, 60C, 84C, 90C, 100C, 112C, 120C, 150C, 168C, 180C, 200C, 210C, 224C, 240C, 252C, 270C, 300C, ….",종근당건강,http://img.danawa.com/prod_img/500000/276/680/img/3680276_1.jpg?shrink=160:160&_v=20181102112420
20160921,눈에 좋은 루테인+오메가3,① 제품은 직사광선을 피하고 실온에서 보관 유통하십시오.   ② 제품 개봉 후에는 흡습되지 않게 밀봉하여 보관하십시오.,"①혈중 중성지질 개선·혈행 개선·건조한 눈을 개선하여 눈 건강에 도움을 줄 수 있음

노화로 인해 감소될 수 있는 황반색소밀도를 유지하여 눈 건강에 도움을 줌","① 성상 : 적색의 점조성 내용물을 함유한 황색 연질캡슐
 ② EPA와 DHA의 합 : 표시량(600 mg/1.2g)의 80~120%
 ③ 루테인 : 표시량(20 mg/1.2g)의 80~120%
 ④ 납(mg/kg) : 1.0 이하
 ⑤ 카드뮴(mg/kg) : 1.0 이하
 ⑥ 총수은(mg/kg) : 0.5 이하
 ⑦ 총비소(mg/kg) : 1.0 이하
 ⑧ 헥산(mg/kg) : 5.0 이하
 ⑨ 초산에틸(mg/kg) : 50.0 이하 
 ⑩ 대장균군 : 음성 
 ⑪ 붕해 : 20분 이내",과다 섭취 시 일시적으로 피부가 황색으로 변할 수 있음,"1일 1회, 1회 2캡슐(1.2 g)을 충분한 물과 함께 섭취.",200400200061165,제조일부터 24개월,4363,"36 g(600 mg×60캡슐), 54 g(90캡슐), 72 g(120캡슐) 등",세노비스,http://img.danawa.com/prod_img/500000/298/908/img/4908298_1.jpg?shrink=160:160&_v=20181122091944
20180129,눈에 좋은 루테인오메가3 프리미엄,"- 직사광선 및 고온다습한 곳을 피해 습기가 적고 서늘한 곳에 보관, 유통하십시오.- 개봉 후에는 공기의 노출을 최대한 차단하여 보관하십시오.","①혈중 중성지질 개선·혈행 개선·건조한 눈을 개선하여 눈 건강에 도움을 줄 수 있음

①어두운 곳에서 시각 적응을 위해 필요②피부와 점막을 형성하고 기능을 유지하는데 필요③상피세포의 성장과 발달에 필요

①유해산소로부터 세포를 보호하는데 필요

노화로 인해 감소될 수 있는 황반색소밀도를 유지하여 눈 건강에 도움을 줌","① 성상 : 이미, 이취가 없고 고유의 향미가 있는 적색의 내용물을 함유한 적갈색의 연질캡슐
② EPA 및 DHA의 합(mg/1,100 mg) : 표시량(650)의 80～120%
③ 루테인(mg/1,100 mg) : 표시량(20)의 80～120%
④ 비타민A(μg RE/1,100 mg) : 표시량(840)의 80~150%
⑤ 비타민E(mg α-TE/1,100 mg) : 표시량(13.2)의 80～150%
⑥ 납(mg/kg) : 1.0 이하
⑦ 카드뮴(mg/kg) : 1.0 이하
⑧ 총수은(mg/kg) : 0.5 이하
⑨ 총비소(mg/kg) : 1.0 이하
⑩ 헥산(mg/kg) : 5.0 이하
⑪ 붕해시험 : 적합 (20분 이내)
⑫ 대장균군 : 음성",과다 섭취 시 일시적으로 피부가 황색으로 변할 수 있음,"1일 1회, 1회 1캡슐을 충분한 물과 함께 섭취하십시오.",20120019007228,제조일로부터 24개월,4365,"PTP 포장 / 66 g(1,100 mg×60C), 99 g(1,100 mg×90C), 132 g(1,100 mg×120C), 165 g(1,100 mg×150C), 198 g(1,100 mg×180C), 264 g(1,100 mg×240C), 330 g(1,100 mg×300C)",닥터비,http://img.danawa.com/prod_img/500000/850/284/img/6284850_1.jpg?shrink=160:160&_v=20180928104108
20180222,눈에 좋은 베베키즈 루테인,"습기가 적고 직사광선을 피하여 서늘한 곳에 보관하며, 어린이 손에 닿지 않도록 주의","①결합조직 형성과 기능유지에 필요②철의 흡수에 필요③유해산소로부터 세포를 보호하는데 필요

①노화로 인해 감소될 수 있는 황반색소밀도를 유지하여 눈 건강에 도움을 줌","① 성상 : 이미, 이취가 없고 고유의 향미가 있으며 붉은 알갱이가 들어있는 황색 분말
② 비타민C : 100mg/2g (표시량의 80-150%)
③ 루테인 : 10mg/2g (표시량의 80-120%) 
④ 납 (mg/kg) : 1.0 이하
⑤ 카드뮴 (mg/kg) : 1.0 이하
⑥ 총 수은 (mg/kg) : 1.0 이하
⑦ 총 비소 (mg/kg) : 1.0 이하
⑧ 대장균군 : 음성",과다 섭취 시 일시적으로 피부가 황색으로 변할 수 있음,"1일 1회, 1회 1포씩 섭취",20040020020596,제조일로부터 24개월,4366,"2g*30포(60g), 2g*60포(120g), 2g*90포(180g)등 발주에 의함",네이처스토리,http://img.danawa.com/prod_img/500000/268/276/img/6276268_1.jpg?shrink=160:160&_v=20190920122744
20150522,눈에좋은 루테인지아잔틴,"1. 고온다습한 곳과 직사광선을 피하여 습기가 적고 건조한 곳에 보관하십시오.
2. 개봉 후에는 뚜껑을 닫고 공기의 노출을 최대한 차단하여 보관 하십시오.
3. 영유아 및 어린이의 손에 닿지 않는 곳에 보관하십시오.
4. 온도 및 습도등의 변화에 의해 캡슐이 붙는 현상이 발생될 수 있으나 품질에 이상이 없으니 안심하고 섭취하십시오.","[루테인지아잔틴복합추출물20%] 노화로 인해 감소될 수 있는 황반색소밀도를 유지하여 눈 건강에 도움을 줄 수 있음
[비타민A]①어두운 곳에서 시각 적응을 위해 필요②피부와 점막을 형성하고 기능을 유지하는데 필요③상피세포의 성장과 발달에 필요
[비타민E]①유해산소로부터 세포를 보호하는데 필요
[구리]①철의 운반과 이용에 필요②유해산소로부터 세포를 보호하는데 필요","1. 성상 : 적갈색의 내용물을 함유한 흑갈색의 연질캡슐
2. 루테인 : 표시량(8mg/500mg)의 80~120%
3. 지아잔틴 : 표시량(2mg/500mg)의 80~120%
4. 비타민A : 표시량(560ug RE/500mg)의 80~150%
5. 비타민E : 표시량(4.4mgα-TE/500mg)의 80~150%
6. 구리 : 표시량(0.24mg/500mg)의 80~150%
7. 납 (mg/kg) : 2.0 이하
8. 총비소 (mg/kg) : 1.0 이하
9. 카드뮴 (mg/kg) : 0.5 이하
10. 총수은 (mg/kg) : 0.5 이하
11. 헥산 (mg/kg) : 5.0 이하
12. 메탄올 (mg/kg) : 50.0 이하
13. 대장균군 : 음성
14. 붕해 : 20분","특이체질, 알러지체질인 경우는 간혹 개인에 따라 과민반응을 나타낼 수 있으므로 원료를 확인 후 섭취하십시오.",1일 1회 1회 1캡슐을 물과 함께 섭취하십시오.,200400200081355,제조일로부터 2년,4377,"500mg x 1C(0.5g), 7C, 14C, 28C, 30C, 56C, 60C, 112C, 120C, 180C, 210C, 240C, 300C, 360C, …",제이헬스사이언스,http://img.danawa.com/prod_img/500000/978/292/img/6292978_1.jpg?shrink=160:160&_v=20190605102442
20150522,눈팔팔 루테인,"직사광선을 받지 아니하는 서늘한 곳에서 보관 및 유통하시고, 어린이의 손에 닿지 않는 곳에 보관하여 주십시오.","[루테인 제품]노화로 인해 감소될 수 있는 황반색소밀도를 유지하여 눈 건강에 도움을 줌
노화로 인해 감소될 수 있는 황반색소밀도를 유지하여 눈 건강에 도움을 줌
 노화로 인해 감소될 수 있는 황반색소밀도를 유지하여 눈 건강에 도움을 줌
노화로 인해 감소될 수 있는 황반색소밀도를 유지하여 눈 건강에 도움을 줌","성상 :주황색의 내용물을 함유한 갈색의 반투명 연질캡슐
루테인 : 표시량의 80~120% (표시량 : 10 mg / 800 mg)
납(mg/kg) : 1.0 이하
카드뮴(mg/kg) : 1.0 이하
총비소(mg/kg) : 1.0 이하
총수은(mg/kg) : 1.0 이하
헥산(mg/kg) : 5.0 이하
대장균군 : 음성
붕해시험 : 적합","[루테인 제품]과다 섭취 시 일시적으로 피부가 황색으로 변할 수 있음.
과다 섭취 시 일시적으로 피부가 황색으로 변할 수 있습니다.
 ① 어린이의 경우 섭취 시 목에 걸릴 우려가 있으니 보호자의 지도하에 섭취하십시오. 
 ② 특이체질, 알레르기 체질의 경우 성분을 확인하시고 섭취하여 주시기 바랍니다.","1일 2회, 1회 1캡슐을 물과 함께 섭취하십시오.",2004001536223,24개월,4411,"400 mg × 30, 60, 90, 120, 150, 180, 210, 240, 270, 300, 360, 420, 480, 540, 600캡슐",씨스팡,http://img.danawa.com/prod_img/500000/266/758/img/3758266_1.jpg?shrink=160:160&_v=20190918103451
20180201,뉴오리진 루테인,① 제품은 직사광선을 피해 실온에서 보관 유통하십시오.   ② 제품 개봉 후에는 흡습되지 않게 밀봉하여 보관하십시오.,노화로 인해 감소될 수 있는 황반색소밀도를 유지하여 눈 건강에 도움을 줌,"(1) 성상 : 적색의 점조성 내용물을 함유한 암갈색 연질캡슐
 (2) 루테인 : 표시량(20 mg/0.11g)의 80~120%
 (3) 납(mg/kg) : 1.0 이하
 (4) 카드뮴(mg/kg) : 1.0 이하 
 (5) 총수은(mg/kg) : 1.0 이하
 (6) 총비소(mg/kg) : 1.0 이하
 (7) 대장균군 : 음성
 (8) 붕해 : 20분 이내",과다 섭취 시 일시적으로 피부가 황색으로 변할 수 있음,"1일 1회, 1회 1캡슐(0.11g)을 충분한 물과 함께 섭취하십시오.",200400200061272,제조일부터 24개월,4493,"1.1g(110mg×10캡슐), 3.3g(30캡슐), 6.6g(60캡슐), 13.2g(120캡슐), 26.4g(240캡슐) 등",유한양행,http://img.danawa.com/prod_img/500000/270/039/img/6039270_1.jpg?shrink=160:160&_v=20180523101303
20180220,뉴오리진 밀크씨슬,1)고온다습한 곳이나 직사광선을 피하여 서늘한 곳에 보관하십시오.2)개봉 후에는 가급적 바로 드시고 뚜껑을 닫아 인습에 주의하여 보관하십시오.,① 간 건강에 도움을 줄 수 있음,"1) 성상 : 점박이를 포함한 연한 갈색의 장방형 코팅정제
2) 실리마린 : 표시량(130mg/900mg)의 80~120%
3) 납(mg/kg) : 1.0 이하
4) 카드뮴(mg/kg) : 0.5 이하
5) 총수은(mg/kg) : 0.5 이하
6) 총비소(mg/kg) : 1.0 이하
7) 대장균군 : 음성
8) 붕해시험 : 60분 이내","1)알레르기 반응이 나타나는 경우에는 섭취 중단하십시오. 
2)설사, 위통, 복부팽만 등의 위장관계 장애가 나타나는 경우에는 섭취에 주의하십시오. 
3)유통 중 일부 정제가 깨지거나, 용기 내부에 생긴 가루가 손에 묻어나올 수 있습니다. 
4)제품의 특성상 내용물의 색상이 진해지거나 연해질 수 있으나 성분과 함량에는 변화가 없으므로 안심하고 섭취하십시오.","1일 1회, 1회 1정을 충분한 물과 함께 섭취하십시오.",201728802702,2년,4495,"900mg* 10, 20, 30, 60, 120, 180, 240, 360, 460, 540, 720정 등",유한양행,http://img.danawa.com/prod_img/500000/731/039/img/6039731_1.jpg?shrink=500:500&_v=20180604150528
20181010,뉴오리진 식물성오메가3,① 제품은 직사광선을 피하고 실온에서 보관 유통하십시오.   ② 제품 개봉 후에는 흡습되지 않게 밀봉하여 보관하십시오.,①혈중 중성지질 개선·혈행 개선·건조한 눈을 개선하여 눈 건강에 도움을 줄 수 있음,"① 성상 : 미황색의 유상액을 함유한 암갈색의 장방형 연질캡슐
  ② EPA와 DHA의 합 : 표시량(600 mg/1.5g)의 80~120%
  ③ 납 : 3.0 mg/kg 이하
  ④ 카드뮴 : 1.0 mg/kg 이하
  ⑤ 총수은 : 0.5 mg/kg 이하
  ⑥ 대장균군 : 음성
  ⑦ 붕해 : 20분 이내","① 임산부와 수유부, 질병치료 중인 분은 섭취 전 의사와 상담 후 섭취하십시오.
② 특정 성분에 알레르기가 있으신 분은 원료명을 확인 후 섭취하십시오.
③ 개봉 또는 섭취 시 포장재에 의해 상처를 입을 수 있으니 주의하시기 바랍니다.","1일 1회, 1회 2캡슐(1.5g)을 충분한 물과 함께 섭취하십시오.",200400200061326,제조일부터 24개월,4498,"7.5g(750mg×10캡슐), 22.5g(30캡슐), 45g(60캡슐), 90g(120캡슐), 180g(240캡슐) 등",유한양행,http://img.danawa.com/prod_img/500000/911/394/img/9394911_1.jpg?shrink=500:500
20150522,대상 웰라이프 클로렐라 NEW,직사광선 및 고온 다습한 곳을 피하여 보관하십시오.(보관 중 직사광선에 노출 될 경우 변색될 가능성이 있습니다.),① 항산화 작용 ② 피부건강에 도움,"① 성상: 이미,이취가 없고 고유의 향미가 있는 녹색 정제
② 총 엽록소: 표시량(74.25mg/3g)의 80~120%
③ 중금속
  (가)납(mg/kg): 3.0 이하
  (나)카드뮴(mg/kg): 1.0 이하
  (다)총수은(mg/kg): 0.5 이하
④ 총 페오포르바이드(mg/kg): 1,000이하
⑤ 대장균군: 음성
⑥ 붕해시험: 적합","①특이체질, 알러지 체질이신 경우에는 성분을 확인 후 섭취하십시오. 
②어린이의 경우 목에 걸릴 우려가 있으니 보호자가 주의하여 섭취할 수 있도록 하여 주십시오.",씹거나 물과 함께 섭취하십시오.,2004001900935,제조일로부터 2년,5572,200mg×700정,대상웰라이프,http://img.danawa.com/prod_img/500000/541/126/img/3126541_1.jpg?shrink=500:500&_v=20180604162324
20150522,대상 웰라이프 클로렐라 플래티넘(Chlorella platinum),"직사광선 및 고온 다습한 곳을 피하여 보관하십시오.(보관 중 직사광선에 노출될 경우
변색될 가능성이 있습니다.)","①면역기능 증진에 도움을 줄 수 있음
②항산화 작용
③피부건강에 도움","① 성상 : 고유의 색택과 향미를 가지며 이미, 이취가 없어야 한다.
② 총 엽록소 : 표시량(125 mg/5.4g)의 80~120%
③ 중금속
    가)납(mg/kg) : 3.0 이하
    나)카드뮴(mg/kg) : 1.0 이하
    다)총수은(mg/kg) : 0.5 이하
④ 총 페오포르바이드(mg/kg) : 1,000 이하
⑤ 대장균군 : 음성
⑥ 붕해시험 : 적합","①특이체질, 알러지 체질이신 경우에는 성분을 확인 후 섭취하십시오.
②어린이의 경우 목에 걸릴 우려가 있으니 보호자가 주의하여 섭취할 수 있도록 하여 주십시오.",1일 3회 1회당 5정을 씹거나 물과 함께 섭취하십시오.,2004001900934,제조일로부터 24개월,5573,"360mg × 5정, 360mg × 30정, 360mg × 150정, 360mg × 750정",대상웰라이프,http://img.danawa.com/prod_img/500000/947/138/img/3138947_1.jpg?shrink=500:500&_v=20170608171308
20180402,대웅 루테인오메가3비타민D,"직사광선을 받지 아니하는 서늘한 곳에서 보관 및 유통하시고, 어린이의 손에 닿지 않도록 주의하시기 바랍니다.","①혈중 중성지질 개선·혈행 개선·건조한 눈을 개선하여 눈 건강에 도움을 줄 수 있음

①어두운 곳에서 시각 적응을 위해 필요②피부와 점막을 형성하고 기능을 유지하는데 필요③상피세포의 성장과 발달에 필요

①칼슘과 인이 흡수되고 이용되는데 필요②뼈의 형성과 유지에 필요③골다공증발생 위험 감소에 도움을 줌

①유해산소로부터 세포를 보호하는데 필요

노화로 인해 감소될 수 있는 황반색소밀도를 유지하여 눈 건강에 도움을 줌","1) 성상 : 주황색의 내용물을 함유한 진빨강색 연질캡슐
2) EPA 와 DHA의 합 : 표시량의 80 ~ 120 % (표시량 600 mg / 1,050 mg)
3) 루테인 : 표시량의 80 ~ 120 % (표시량 20 mg / 1,050 mg)
4) 비타민A : 표시량의 80 ~ 150 % (표시량 350 μgRE / 1,050 mg)
5) 비타민D : 표시량의 80 ~ 180 % (표시량 25 μg / 1,050 mg)
6) 비타민E : 표시량의 80 ~ 150 % (표시량 5.5 mgα-TE / 1,050 mg)
7) 헥산(mg/kg) : 5.0 이하
8) 납(mg/kg) : 1.0 이하
9) 총비소(mg/kg) : 1.0 이하
10) 카드뮴(mg/kg) : 1.0 이하
11) 총수은(mg/kg) : 0.5 이하
12) 대장균군 : 음성
13) 붕해 : 적합 (20분 이내)",과다 섭취 시 일시적으로 피부가 황색으로 변할 수 있음,"1일 1회, 1회 1캡슐(1캡슐 당 1,050 mg)을 물과 함께 섭취하십시오.",200400200071934,제조일로부터 24개월까지,5608,"1,050 mg × 10, 20, 30, 40, 45, 50, 60, 90, 112, 120, 150, 180, 210, 240, 300, 360, 420, 480, 540, 1,050캡슐 등",대웅생명과학,http://img.danawa.com/prod_img/500000/171/784/img/6784171_1.jpg?shrink=160:160&_v=20181205103744
20180921,더 힘찬 이팔청춘,습기가 적고 직사광선을 받지 않는 실온에 보관하십시오.,"1) 쏘팔메토 열매 추출물
    - 전립선 건강의 유지에 도움을 줄 수 있음
 2) 옥타코사놀 함유 유지
    -지구력 증진에 도움을 줄 수 있음
 3) 아연 
    - 정상적인 면역기능에 필요
    - 정상적인 세포분열에 필요
 4) 비타민 B1
    - 탄수화물과 에너지 대사에 필요      
 5) 비타민 B2
    - 체내 에너지 생성에 필요
 6) 비타민 B6
    - 단백질 및 아미노산 이용에 필요     
    -혈액의 호모시스테인 수준을 정상으로 유지하는데 필요        
 7) 비타민 D
    -칼슘과 인이 흡수되고 이용되는데 필요
    -뼈의 형성과 유지에 필요
    -골다공증발생 위험 감소에 도움을 줌
 8) 엽산
    -세포와 혈액생성에 필요
    -태아 신경관의 정상 발달에 필요
    -혈액의 호모시스테인 수준을 정상으로 유지하는데 필요
 9) 셀레늄
    -유해산소로부터 세포를 보호하는데 필요","1. 성상 : 이미, 이취가 없고 고유의 향미가 있으며 갈색의 내용물이 든 검정색 연질캅셀
2. 로르산(%) : 표시량(70mg/900mg) 80~120%
3. 옥타코사놀(%) 표시량(7mg/900mg) 80~120%
4. 아연(%) : 표시량(6mg/900mg) 80~150%
5. 비타민B1(%) : 표시량(1.21mg/900mg) 80~180%
6. 비타민B2(%) : 표시량(1.41mg/900mg) 80~180%
7. 비타민B6(%) : 표시량(1.51mg/900mg) 80~150%
8. 비타민D(%) : 표시량(15ug/900mg) 80~180%
9. 엽산(%) : 표시량(540ug/900mg) 80~150%
10. 셀레늄(%) : 표시량(27.5ug/900mg) 80~150%
11. 납(mg/kg) : 1.0 이하
12. 카드뮴(mg/kg) : 1.0 이하
13. 총 수은(mg/kg) : 1.0 이하
14. 총 비소(mg/kg) : 1.0 이하
15. 붕해시험 : 20분 이내 
16. 대장균군 : 음성","1) 메스꺼움 등 소화계통의 불편함과 설사를 유발할 수 있음.
 2) 특이체질, 알레르기 체질의 경우에는 간혹 개인에 따라 과민반응을 나타낼 수 있으므로 원료를 확인한 후
    섭취하십시오. 
 3) 유통기한이 경과된 제품은 섭취하지 마십시오.
 4) 용기안의 방습제는 먹지 마십시오.
 5) 어린이의 경우 목에 걸릴 수 있으니 섭취 시 주의하십시오.","1일 1회, 1회 1캡슐을 물과 함께 섭취하십시오.",200600200031382,제조일로부터 24개월,5678,"900mg×10캡슐(9g),900mg×20캡슐(18g),900mg×30캡슐(27g), 900mg×50캡슐(45g),900mg×60캡슐(54g),900mg×90캡슐(81g),900mg×100캡슐(90g),900mg×120캡슐(108g), 900mg×160캡슐(144g), 900mg×180캡슐(162g), 900mg×240캡슐(216g) 등",래오이경제,http://img.danawa.com/prod_img/500000/717/537/img/7537717_1.jpg?shrink=500:500
20180315,데일리 루테인,고온다습한 곳과 직사광선을 피하여 습기가 적고 건조한 곳에 보관하십시오. 어린이의 손이 닿지 않는 곳에 보관하십시오,"[루테인]①노화로 인해 감소될 수 있는 황반색소밀도를 유지하여 눈 건강에 도움을 줌
[비타민E]①유해산소로부터 세포를 보호하는데 필요
[비타민A]①어두운 곳에서 시각 적응을 위해 필요②피부와 점막을 형성하고 기능을 유지하는데 필요③상피세포의 성장과 발달에 필요
[베타카로틴]①어두운 곳에서 시각 적응을 위해 필요②피부와 점막을 형성하고 기능을 유지하는데 필요③상피세포의 성장과 발달에 필요","1. 성상 : 이미, 이취가 없고 고유의 향미가 있는 적색의 내용물을 함유한 적갈색의 타원형 연질캡슐
2. 루테인 : 표시량 20 mg / 400 mg의 80% ~ 120%
3. 비타민 A : 표시량 700ugRE / 400 mg의 80% ~ 150%
4. 베타카로틴 : 표시량 0.42 mg / 400 mg의 80~150%
5. 비타민 E : 표시량 11mg a-TE / 400 mg의 80% ~ 150%
6. 중금속 : 납(1.0 mg/kg 이하), 카드뮴(1.0 mg/kg 이하), 총 수은(1.0 mg/kg 이하), 총 비소(1.0 mg/kg 이하)
7. 헥산 : 5.0 mg/kg 이하
8. 대장균군 : 음성
9. 붕해시험 : 적합(20분이내)",[루테인제품]과다 섭취 시 일시적으로 피부가 황색으로 변할 수 있음,"1일 1회, 1회 1캡슐을 충분한 물과 함께 섭취하십시오.",20040017006648,제조일로부터 36개월,5928,"400mg×10, 15, 20, 30 ,40, 60, 80, 90, 100, 120, 140, 180, 200, 240, 300, 360캡슐 등",광동생활건강,http://img.danawa.com/prod_img/500000/793/786/img/6786793_1.jpg?shrink=160:160&_v=20190117162034
20160907,듀오락 비타민C 프로바이오틱스,"습기, 일광을 피하여 서늘한 곳에 보관, 유통하십시오.","①유산균 증식 및 유해균 억제에 도움을 줄 수 있음 ②배변활동 원활에 도움을 줄 수 있음 

①결합조직 형성과 기능유지에 필요②철의 흡수에 필요③유해산소로부터 세포를 보호하는데 필요","(1) 성상: 이미, 이취가 없고 고유의 향미가 있는 흰색의 분말을 함유한 흰색의 경질캡슐 
 (2) 비타민C: 표시량(500mg/1g)의 80~150%
 (3) 프로바이오틱스수: 표시량 이상
     - 프로바이오틱스수: 1,000,000,000 CFU/1g 이상
 (4) 대장균군: 음성
 (5) 붕해시험: 20분이내","질병치료중이신 분, 알레르기, 특이체질이신 분은 의사, 약사등 전문가와 상담 후 섭취하십시오.","1일 1회, 1회 2캡슐(1g)을 물과 함께 섭취하십시오.",20040017017966,제조일로부터 24개월,6186,"30g(500mg/캡슐x60캡슐/병), 60g, 90g 등",쎌바이오텍,http://img.danawa.com/prod_img/500000/790/813/img/5813790_1.jpg?shrink=500:500&_v=20180403143524
20171130,듀오락 츄어블 레이디,"습기, 일광을 피하여 서늘한 곳에 보관, 유통하십시오.",①유산균 증식 및 유해균 억제에 도움을 줄 수 있음 ②배변활동 원활에 도움을 줄 수 있음,"1) 성상: 이미, 이취가 없고 고유의 향미가 있는 노란 햐얀색의 원형 정제
2) 프로바이오틱스 수: 표시량 이상
- 프로바이오틱스 수: 700,000,000 CFU/2g 이상
3) 대장균군: 음성","질병치료중이신 분, 알레르기, 특이체질이신 분은 의사, 약사 등 전문가와 상담 후 섭취하십시오.","1일 1회, 1회 2정(2g)을 씹어서 섭취하십시오.",20040017017998,제조일로부터 24개월,6208,"병 포장/60g(1,000mg/정X 60정/병), 30g, 60g, 90g 등",쎌바이오텍 ,http://img.danawa.com/prod_img/500000/651/905/img/5905651_1.jpg?shrink=500:500&_v=20180510172557
20180622,드시모네 데일리,1. 4℃~ 8℃ 이하 냉장보관 하십시오 2. 영·유아 및 어린이의 손에 닿지 않는 곳에 보관하십시오.,"① 유익한 유산균 증식, 유해균 억제, 배변활동 원활 
② 장면역을 조절하여 장 건강에 도움을 줄 수 있음(생리활성기능 2등급)","1) 성상: 이미, 이취가 없고 고유의 향미가 있는 미황색의 분말
2) 대장균군: 음성
3) 유산균 수(cfu/g) : 표시량의(2.0*10^11/3400mg)이상
4) 납(mg/kg) : 0.2 이하
5) 카드뮴(mg/kg) : 0.06 이하
6) 총비소(mg/kg) : 1.0 이하
7) 총수은(mg/kg) : 0.04 이하","1. 특이체질, 알레르기 체질의 경우, 개인에 따라 과민반응을 나타낼 수 있으므로 원료 확인 후 섭취하십시오.
2. 만성질환이 있거나 현재 질병치료 및 약물복용 중이신 분은 전문의와 반드시 상의 후 섭취하십시오.
3. 어린이가 함부로 섭취하지 않도록 일일섭취 방법을 지도하십시오.
4. 내용물 중 간혹 유색의 단편들이 보일 수 있으나 이는 원료의 일부이오니 안심하고 섭취하셔도 됩니다.","1일 1회, 1회 1포 직접 또는 물과 함께 섭취하십시오.",200700170351144,18개월,6262,"3400mg × (1, 2, 3, 4, 5, 10, 20, 30, 60, 90, 120, 150, 180, 210, 240, 270, 300, 330, 360, 420, 480)포",바이오일레븐,http://img.danawa.com/prod_img/500000/908/152/img/6152908_1.jpg?shrink=500:500&_v=20190918155246
20180622,드시모네 키즈 프리미엄,1. 4℃~8℃ 이하 냉장보관 하십시오 2. 영·유아 및 어린이의 손에 닿지 않는 곳에 보관하십시오.,"① 유익한 유산균 증식, 유해균 억제, 배변활동 원활 
② 장면역을 조절하여 장 건강에 도움을 줄 수 있음(생리활성기능 2등급)","1) 성상: 이미, 이취가 없고 고유의 향미가 있는 미황색의 분말
2) 대장균군: 음성
3) 유산균 수(cfu/g) : 표시량의(1.0*10^11/2,500mg)이상
4) 납(mg/kg) : 0.2 이하
5) 카드뮴(mg/kg) : 0.06 이하
6) 총비소(mg/kg) : 1.0 이하
7) 총수은(mg/kg) : 0.04 이하","1. 특이체질, 알레르기 체질의 경우, 개인에 따라 과민반응을 나타낼 수 있으므로 원료 확인 후 섭취하십시오.
2. 만성질환이 있거나 현재 질병치료 및 약물복용 중이신 분은 전문의와 반드시 상의 후 섭취하십시오.
3. 어린이가 함부로 섭취하지 않도록 일일섭취 방법을 지도하십시오.
4. 내용물 중 간혹 유색의 단편들이 보일 수 있으나 이는 원료의 일부이오니 안심하고 섭취하셔도 됩니다.","1일 1회, 1회 1포 직접 또는 물과 함께 섭취하십시오.",200700170351143,18개월,6267,"2,500mg x (1, 2, 3, 4, 5, 10, 20, 30, 60, 90, 120, 150, 180, 210, 240, 270, 300, 330, 360, 420, 480)포",바이오일레븐,http://img.danawa.com/prod_img/500000/820/422/img/6422820_1.jpg?shrink=500:500&_v=20190918155503
20190529,라파플러스 유산균 10,습기가 적고 직사광선을 받지 않는 서늘한 곳에 보관하십시오.,①유산균 증식 및 유해균 억제에 도움을 줄 수 있음 ②배변활동 원활에 도움을 줄 수 있음,"① 성상 : 이미, 이취가 없고 고유의 향미가 있는 미백색의 분말 
② 프로바이오틱스 수 : 표시량(200,000,000cfu/2 g) 이상 
③ 대장균군 : 음성","① 질환이 있거나 의약품 복용 시 전문가와 상담할 것
② 알레르기 체질 등은 개인에 따라 과민반응을 나타낼 수 있음
③ 어린이가 함부로 섭취하지 않도록 일일섭취량 방법을 지도할 것
④ 이상사례 발생 시 섭취를 중단하고 전문가와 상담 할 것","1일 1회, 1회 1포를 섭취하십시오.",2018001237921,제조일로부터 18개월,6565,"2g * (10포, 15포, 20포, 30포, 60포, 90포, 120포, 150포)",라파플러스,http://img.danawa.com/prod_img/500000/595/628/img/4628595_1.jpg?shrink=500:500&_v=20170613135331
20190729,락토핏 생유산균 뷰티,1. 고온다습한 곳과 직사광선을 피하여 습기가 적고 건조한 곳에 보관하십시오.2. 개봉 후에는 공기의 노출을 최대한 차단하여 보관 하십시오.3. 영유아 및 어린이의 손에 닿지 않는 곳에 보관하십시오.,①유산균 증식 및 유해균 억제에 도움을 줄 수 있음 ②배변활동 원활에 도움을 줄 수 있음 ③피부보습에 도움을 줄 수 있음,"1. 성상 : 이미, 이취가 없고 고유의 향미가 있는 연한 자줏빛 분홍색의 분말
2. 프로바이오틱스수 : 표시량(1x10^9cfu/4000mg)의 이상
3. 히알루론산 : 표시량(120mg/4000mg)의 80~120%
4. 납(mg/kg) : 2.0이하
5. 카드뮴(mg/kg) : 0.5이하
6. 총수은(mg/kg) : 0.5이하
7. 총비소(mg/kg) : 1.0이하
8. 대장균군 : 음성",,"1일 2회, 1회 1포를 식전·식후 어느때나 물 없이 섭취하십시오.",20040020016618,18개월,6900,"2000mg x 1포(2g), 1포, 2포, 4포, 7포, 10포, 14포, 15포, 20포, 21포, 28포, 30포, 40포, 45포, 56포, 60포,80포, 84포, 90포, 100포, 120포, 168포, 180포, 200포, 252포, 336포, ···",종근당건강,http://img.danawa.com/prod_img/500000/628/160/img/6160628_1.jpg?shrink=500:500&_v=20181211135839
20181221,락피도 밀크씨슬 플러스,직사광선을 피하고 서늘한 곳에 보관 및 유통(실온),"[밀크씨슬(카르두스 마리아누스) 추출물 제품] 간 건강에 도움을 줄 수 있음 
[옥타코사놀함유유지 제품]지구력 증진에 도움을 줄 수 있음 
[비타민B2]체내 에너지 생성에 필요","① 성상 : 연한 노란색의 제피정제 
② 실리마린 : 표시량(130 mg / 600mg)의 80～120%
③ 옥타코사놀 : 표시량(7 mg / 600mg)의 80～120%
④ 비타민B2 : 표시량(1.4 mg / 600mg)의 80～180%
⑤ 헥산(mg/kg) : 5.0 이하
⑥ 초산에틸(mg/kg) : 50.0 이하
⑦ 납(mg/kg) : 1.0 이하
⑧ 카드뮴(mg/kg) : 0.5 이하
⑨ 총수은(mg/kg) : 0.5 이하
⑩ 총비소(mg/kg) : 1.0 이하
⑪ 대장균군: 음성
⑫ 붕해시험: 60분 이내","① 알레르기 체질이신 경우 성분을 확인 한 후 섭취여부를 결정하여야 함.
[밀크씨슬추출물] ①알레르기 반응이 나타나는 경우에는 섭취 중단 ②설사, 위통, 복부팽만 등의 위장관계 장애가 나타나는 경우에는 섭취에 주의","1일 1회, 1회 1정씩 물과 함께 섭취하십시오.",200400200141119,제조일부터 24개월,6946,"600mg× [1정(0.6g), 10정(6g), 20정(12g), 30정(18g), 40정(24g), 50정(30g), 60정(36g), 70정(42g), 80정(48g)]",에프앤디넷 락피도,http://img.danawa.com/prod_img/500000/101/535/img/9535101_1.jpg?shrink=500:500&_v=20190920164841
20180627,레스베라 쏘팔메토 전립파워,습기가 적고 직사광선을 받지 않는 실온에 보관하십시오.,쏘팔메토열매추출물 - 전립선 건강의 유지에 도움을 줄 수 있음,"1. 성상 : 이미, 이취가 없고 고유의 향미가 있는 갈색 내용물을 함유한 검정색의 연질캡슐
2. 로르산(%) : 표시량(70mg/2,000mg) 80~120%
3. 납(mg/kg) : 1.0 이하
4. 카드뮴(mg/kg) : 1.0 이하
5. 총 수은(mg/kg) : 1.0 이하
6. 총 비소(mg/kg) : 1.0 이하
7. 붕해시험 : 20분 이내 
8. 대장균군 : 음성","1) 메스꺼움 등 소화계통의 불편함과 설사를 유발할 수 있음.
 2) 특이체질, 알레르기 체질의 경우에는 간혹 개인에 따라 과민반응을 나타낼 수 있으므로 원료를 확인한 후
    섭취하십시오. 
 3) 유통기한이 경과된 제품은 섭취하지 마십시오.
 4) 용기안의 방습제는 먹지 마십시오.
 5) 어린이의 경우 목에 걸릴 수 있으니 섭취 시 주의하십시오.","1일 1회, 1회 2캡슐을 물과 함께 섭취하십시오.",200600200031326,제조일로부터 24개월,7089,"1,000mg×6캡슐(6g), 1,000mg×30캡슐(30g), 1,000mg×60캡슐(60g), 1,000mg×90캡슐(90g), 1,000mg×120캡슐(120g), 1,000mg×160캡슐(160g), 1,000mg×180캡슐(180g), 1,000mg×240캡슐(240g) 등",레스베라,http://img.danawa.com/prod_img/500000/743/552/img/6552743_1.jpg?shrink=500:500&_v=20181029165216
20180914,레스베라 해피큐,습기가 적고 직사광선을 받지 않는 실온에 보관하십시오.,"1) 쏘팔메토 열매 추출물
    - 전립선 건강의 유지에 도움을 줄 수 있음
 2) 아연 
    - 정상적인 면역기능에 필요
    - 정상적인 세포분열에 필요
 3) 비타민E
    - 유해산소로부터 세포를 보호하는데 필요","1. 성상 : 이미, 이취가 없고 고유의 향미가 있으며 갈색 내용물을 함유한 검정색 연질캡슐
2. 로르산(%) : 표시량(70mg/2,000mg) 80~120%
3. 아연(%) : 표시량(8.5mg/2,000mg) 80~150%
4. 비타민E(%) : 표시량(11mgα-TE/2,000mg) 80~150%
5. 납(mg/kg) : 1.0 이하
6. 카드뮴(mg/kg) : 1.0 이하
7. 총 수은(mg/kg) : 1.0 이하
8. 총 비소(mg/kg) : 1.0 이하
9. 붕해시험 : 20분 이내 
10. 대장균군 : 음성","1) 메스꺼움 등 소화계통의 불편함과 설사를 유발할 수 있음.
2) 특이체질, 알레르기 체질의 경우에는 간혹 개인에 따라 과민반응을 나타낼 수 있으므로 원료를 확인한 후
    섭취하십시오. 
3) 유통기한이 경과된 제품은 섭취하지 마십시오.
4) 용기안의 방습제는 먹지 마십시오.
5) 어린이의 경우 목에 걸릴 수 있으니 섭취 시 주의하십시오.","1일 1회, 1회 2캡슐을 물과 함께 섭취하십시오. / 1일 2회, 1회 1캡슐을 물과 함께 섭취하십시오,",200600200031375,제조일로부터 24개월,7090,"1,000mg×6캡슐(6g), 1,000mg×30캡슐(30g), 1,000mg×60캡슐(60g), 1,000mg×90캡슐(90g), 1,000mg×120캡슐(120g), 1,000mg×160캡슐(160g), 1,000mg×180캡슐(180g), 1,000mg×240캡슐(240g) 등",레스베라,http://img.danawa.com/prod_img/500000/716/552/img/6552716_1.jpg?shrink=500:500
20180629,로하비 프리미엄 밀크씨슬 이엑스,고온다습한 곳이나 직사광선을 피하여 서늘한 곳에 보관.,"① 간 건강에 도움을 줄 수 있음

①탄수화물과 에너지 대사에 필요

①체내 에너지 생성에 필요

①체내 에너지 생성에 필요

①지방, 탄수화물, 단백질 대사와 에너지 생성에 필요

①단백질 및 아미노산 이용에 필요②혈액의 호모시스테인 수준을 정상으로 유지하는데 필요

①세포와 혈액생성에 필요②태아 신경관의 정상 발달에 필요③혈액의 호모시스테인 수준을 정상으로 유지하는데 필요

①정상적인 면역기능에 필요②정상적인 세포분열에 필요

①유해산소로부터 세포를 보호하는데 필요","(1) 성상 : 이미, 이취가 없고, 고유의 향미가 있는 연노란색의 타원형 정제
(2) 실리마린(silybin으로서) : 표시량(130 mg/900 mg)의 80% 이상 120% 이하
(3) 나이아신 : 표시량(15 mgNE/900 mg)의 80% 이상 150% 이하
(4) 아연 : 표시량(8.5 mg/900 mg)의 80% 이상 150% 이하
(5) 판토텐산 : 표시량(5 mg/900 mg)의 80% 이상 180% 이하
(6) 비타민B6 : 표시량(1.5 mg/900 mg)의 80% 이상 150% 이하
(7) 비타민B1 : 표시량(1.2 mg/900 mg)의 80% 이상 180% 이하
(8) 비타민B2 : 표시량(1.4 mg/900 mg)의 80% 이상 180% 이하
(9) 셀레늄 : 표시량(55 ug/900 mg)의 80% 이상 150% 이하
(10) 엽산 : 표시량(400 ug/900 mg)의 80% 이상 150% 이하
(11) 납(mg/kg) : 1.0 이하
(12) 카드뮴(mg/kg) : 0.5 이하
(13) 총수은(mg/kg) : 0.5 이하
(14) 총비소(mg/kg) : 1.0이하
(15) 대장균군 : 음성
(16) 붕해시험 : 30분 이내","① 알레르기 반응이 나타나는 경우에는 섭취 중단 ② 설사, 위통, 복부팽만 등의 위장관계 장애가 나타나는 경우에는 섭취에 주의

알레르기 체질이신 경우 성분을 확인 한 후 섭취하시기 바랍니다.","1일 1회, 1회 1정을 물과 함께 섭취",200400150831023,제조일로부터 24개월,7283,"900 mg × 30 정(27 g), 900 mg × 56 정(50.4 g), 900 mg × 60 정(54 g), 900 mg × 90 정(81 g), 900 mg × 120 정(108 g), 900 mg × 150 정(135 g), 900 mg × 180 정(162 g), 900 mg × 210 정(189 g), 900 mg × 240정(216 g) 등",로하비,http://img.danawa.com/prod_img/500000/600/363/img/7363600_1.jpg?shrink=500:500&_v=20190304121157
20190228,로하비 프리미엄 쏘팔메토 이엑스,고온다습한 곳이나 직사광선을 피하여 서늘한 곳에 보관.,"①전립선 건강의 유지에 도움을 줄 수 있음

①지구력 증진에 도움을 줄 수 있음

①칼슘과 인이 흡수되고 이용되는데 필요②뼈의 형성과 유지에 필요③골다공증발생 위험 감소에 도움을 줌

①탄수화물과 에너지 대사에 필요

①체내 에너지 생성에 필요

①체내 에너지 생성에 필요

①지방, 탄수화물, 단백질 대사와 에너지 생성에 필요

①단백질 및 아미노산 이용에 필요②혈액의 호모시스테인 수준을 정상으로 유지하는데 필요

①세포와 혈액생성에 필요②태아 신경관의 정상 발달에 필요③혈액의 호모시스테인 수준을 정상으로 유지하는데 필요

①정상적인 면역기능에 필요②정상적인 세포분열에 필요

①유해산소로부터 세포를 보호하는데 필요","(1) 성상 : 이미, 이취가 없고 고유의 향미가 있는 진노랑색의 내용물을 함유한 적갈색 연질캡슐
(2) 로르산 : 표시량(89.6 mg/500 ㎎)의 80% 이상 120% 이하
(3) 옥타코사놀 : 표시량(7 mg/500 ㎎)의 80% 이상 120% 이하
(4) 비타민D : 표시량(10 ug/500 ㎎)의 80% 이상 180% 이하
(5) 비타민B1 : 표시량(1.2 ㎎/500 ㎎)의 80% 이상 180% 이하
(6) 비타민B2 : 표시량(1.4 ㎎/500 ㎎)의 80% 이상 180% 이하
(7) 나이아신 : 표시량(15 ㎎NE/500 ㎎)의 80% 이상 150% 이하
(8) 판토텐산 : 표시량(5 ㎎/500 ㎎)의 80% 이상 180% 이하
(9) 비타민B6 : 표시량(1.5㎎/50 0㎎)의 80% 이상 150% 이하
(10) 엽산 : 표시량(400 ㎍/500 ㎎)의 80% 이상 150% 이하
(11) 아연 : 표시량(8.5 ㎎/500 ㎎)의 80% 이상 150% 이하
(12) 셀레늄 : 표시량(55 ug/500 mg)의 80% 이상 150% 이하
(13) 납(mg/kg) : 1.0 이하
(14) 카드뮴(mg/kg) : 1.0 이하
(15) 총수은(mg/kg) : 1.0 이하
(16) 총비소(mg/kg) : 1.0 이하
(17) 대장균군 : 음성
(18) 붕해시험 : 적합","메스꺼움 등 소화계통의 불편함과 설사를 유발할 수 있음.
알레르기 체질이신 경우 성분을 확인 한 후 섭취하시기 바랍니다.","1일 1회, 1회 1캡슐을 충분한 물과 함께 섭취하시기 바랍니다.",200400150831119,24개월,7284,"500 mg × 30캡슐(15 g), 500 mg × 60캡슐(30 g), 500 mg × 90캡슐(45 g), 500 mg × 120캡슐(60 g), 500 mg × 150캡슐(75 g), 500 mg × 180캡슐(90 g), 500 mg × 210캡슐(105 g), 500 mg × 240캡슐(120 g), 500 mg × 270캡슐(135 g), 500 mg × 300캡슐(150 g) 등",로하비,http://img.danawa.com/prod_img/500000/081/685/img/3685081_1.jpg?shrink=500:500
20150522,루테인 골드,"① 직사광선을 피하여 서늘한 곳에 보관하시고, 어린이의 손이 닿지 않는 곳에 보관하시기 바랍니다.","[비타민 A] ①어두운 곳에서 시각 적응을 위해 필요②피부와 점막을 형성하고 기능을 유지하는데 필요③상피세포의 성장과 발달에 필요

[비타민 E] ①유해산소로부터 세포를 보호하는데 필요

[마리골드꽃추출물] 노화로 인해 감소될 수 있는 황반색소밀도를 유지하여 눈 건강에 도움을 줌","1) 성상: 진한주황색의 내용물을 함유한 적갈색의 연질캡슐
2) 루테인 : 표시량(20mg/600mg)의 80~120%
3) 비타민A : 표시량(430㎍ RE/600mg)의 80~150%
4) 비타민E : 표시량(3.6mg α-TE/600mg)의 80~150%
5) 납(mg/kg ): 1.0 이하
6) 카드뮴(mg/kg) : 1.0 이하
7) 총수은(mg/kg) : 1.0 이하
8) 총비소(mg/kg) : 1.0 이하
9) 붕해도 : 20분 이내
10) 대장균군 : 음성",과다 섭취 시 일시적으로 피부가 황색으로 변할 수 있음,"1일 1회, 1회 1캡슐을 물과 함께 섭취",20070017035374,제조일로부터 24개월,7359,"3.6g(600mg X 6캡슐), 14.4g(600mg X 24캡슐), 28.8g(600mg X 48캡슐), 57.6g(600mg X 96캡슐), 72g(600mg X 120캡슐), 86.4g(600mg X 144캡슐), 100.8g(600mg X 168캡슐), 115.2g(600mg X 192캡슐), 129.6g(600mg X 216캡슐), 144g(600mg X 240캡슐), 288g(600mg X 480캡슐), 576g(600mg X 960캡슐)",대웅생명과학,http://img.danawa.com/prod_img/500000/443/184/img/4184443_1.jpg?shrink=160:160&_v=20181102114208
20190612,루테인 비타C,직사광선을 받지 않는 실온에 보관한다.,"노화로 인해 감소될 수 있는 황반색소밀도를 유지하여 눈 건강에 도움을 줌

①결합조직 형성과 기능유지에 필요②철의 흡수에 필요③유해산소로부터 세포를 보호하는데 필요","1) 성상 : 적갈색 알갱이가 들어있는 연보라색의 분말
2) 루테인 : 표시량(20.0mg/2,000mg) 의 80~120% 이어야 한다.
3) 비타민C : 표시량(100.0mg/2,000mg) 의 80~150% 이어야 한다.
4) 헥산(mg/kg) : 5.0 이하.
5) 납(mg/kg) : 1.0 이하.
6) 카드뮴(mg/kg) : 1.0 이하.
7) 총수은(mg/kg) : 1.0 이하.
8) 총비소(mg/kg) : 1.0 이하.
9) 대장균군 : 음성",과다 섭취 시 일시적으로 피부가 황색으로 변할 수 있음,"1일 1회, 1회 1포를 그대로 또는 물과 함께 섭취하시기 바랍니다.",20040020046565,제조일로부터 24개월,7369,"2.0gX30포(60g), 60포(120g), 90포(180g) 등",보뚜슈퍼푸드,http://img.danawa.com/prod_img/500000/503/619/img/9619503_1.jpg?shrink=160:160&_v=20191002140909
20190218,루테인 아스타잔틴 헤마토코쿠스,고온다습한 곳이나 직사광선을 피하여 서늘한 곳에 보관.,"노화로 인해 감소될 수 있는 황반색소밀도를 유지하여 눈 건강에 도움을 줌

①눈의 피로도 개선에 도움을 줄 수 있음

①어두운 곳에서 시각 적응을 위해 필요②피부와 점막을 형성하고 기능을 유지하는데 필요③상피세포의 성장과 발달에 필요

①유해산소로부터 세포를 보호하는데 필요

①정상적인 면역기능에 필요②정상적인 세포분열에 필요

①결합조직 형성과 기능유지에 필요②철의 흡수에 필요③유해산소로부터 세포를 보호하는데 필요","(1) 성상 :이미, 이취가 없고 고유의 향미를 지닌 진한 적갈색의 내용물을 함유한 적갈색의 연질캡슐.
(2) 루테인 : 표시량(20 mg/400 mg)의 80%이상 120%이하
(3) 아스타잔틴 : 표시량(6 mg/400 mg)의 80%이상 120%이하
(4) 비타민A : 표시량(700 μgRE/400 mg)의 80%이상 150%이하
(5) 비타민E : 표시량(5.5 mgα-TE/400 mg)의 80%이상 150%이하
(6) 아연 : 표시량(8.5 mg/400 mg)의 80%이상 150%이하
(7) 비타민C : 표시량(30 mg/400 mg)의 80%이상 150%이하
(8) 헥산(mg/kg) : 5.0 이하
(9) 납(mg/kg) : 1.0 이하
(10) 카드뮴(mg/kg) : 1.0 이하
(11) 총수은(mg/kg) : 1.0 이하
(12) 총비소(mg/kg) : 1.0 이하
(13) 대장균군 : 음성
(14) 붕해시험 : 적합","과다 섭취 시 일시적으로 피부가 황색으로 변할 수 있음 
β-카로틴의 흡수를 저해할 수 있음","1일 1회, 1회 1캡슐을 충분한 물과 함께 섭취.",200400150831109,24개월,7373,"400 ㎎×30캡슐(12 g), 400 ㎎×60캡슐(24 g), 400 ㎎×90캡슐(36 g), 400 ㎎×120캡슐(48 g), 400 ㎎×150캡슐(60 g), 400 ㎎×180캡슐(72 g), 400 ㎎×210캡슐(84 g), 400 ㎎×240캡슐(96 g)  등.",메이플트리,http://img.danawa.com/prod_img/500000/152/625/img/8625152_1.jpg?shrink=160:160&_v=20190712155003
20180425,루테인 플러스,"고온, 다습한 곳과 직사광선을 피하여 서늘한 곳에 보관하십시오.","루테인 - ①노화로 인해 감소될 수 있는 황반색소밀도를 유지하여 눈 건강에 도움을 줌

비타민A - ①어두운 곳에서 시각 적응을 위해 필요②피부와 점막을 형성하고 기능을 유지하는데 필요③상피세포의 성장과 발달에 필요

비타민E - ①유해산소로부터 세포를 보호하는데 필요

아연 - ①정상적인 면역기능에 필요②정상적인 세포분열에 필요

셀레늄 - ①유해산소로부터 세포를 보호하는데 필요

나이아신 - ①체내 에너지 생성에 필요

망간 - ①뼈 형성에 필요②에너지 이용에 필요③유해산소로부터 세포를 보호하는데 필요

비타민B12 - ①정상적인 엽산 대사에 필요

구리 - ①철의 운반과 이용에 필요②유해산소로부터 세포를 보호하는데 필요

비타민B6 - ①단백질 및 아미노산 이용에 필요②혈액의 호모시스테인 수준을 정상으로 유지하는데 필요

비타민B2 - ①체내 에너지 생성에 필요

엽산 - ①세포와 혈액생성에 필요②태아 신경관의 정상 발달에 필요③혈액의 호모시스테인 수준을 정상으로 유지하는데 필요","(1) 성상 : 이미, 이취가 없고 고유의 향미가 있는 주황색의 내용물을 함유하는 검정색의 연질캡슐
(2) 루테인 : 표시량(20mg/500mg)의 80～120%
(3) 납(mg/kg) : 1.0 이하
(4) 카드뮴(mg/kg) : 1.0 이하
(5) 총수은(mg/kg) : 1.0 이하
(6) 총비소(mg/kg) : 1.0 이하
(7) 비타민 E : 표시량(11.1㎎ α-TE/500mg)의 80～150%
(8) 아연 : 표시량(12.8mg/500mg)의 80～150%
(9) 셀레늄 : 표시량(18ug/500mg)의 80～150%
(10) 나이아신 : 표시량(13.52mgNE/500mg)의 80～150%
(11) 망간 : 표시량(2.21mg/500mg)의 80～150%
(12) 비타민 B12 : 표시량(2.93ug/500mg)의 80～180%
(13) 구리 : 표시량(0.8mg/500mg)의 80～150%
(14) 비타민 A : 표시량(750ugRE/500mg)의 80～150%
(15) 비타민 B6 : 표시량(1.58mg/500mg)의 80～150%
(16) 비타민 B2 : 표시량(1.29mg/500mg)의 80～180%
(17) 엽산 : 표시량(800ug/500mg)의 80～150%
(18) 대장균군 : 음성
(19) 붕해시험 : 20분 이내","-과다 섭취 시 일시적으로 피부가 황색으로 변할 수 있음
-특정 원료 성분에 알레르기 체질은 원료 성분을 확인 후 섭취하십시오.
-개인의 신체 상태에 따라 이상 증상이 생길 경우 섭취를 중단하십시오.
-제품 개봉 또는 섭취시 포장재에 의해 상처를 입을 수 있으니 주의하십시오.","1일 1회, 1회 1캡슐(500mg) 충분한 물과 함께 섭취하십시오.",20040015162210,제조일로부터 2년,7383,500mg x (10~300캡슐),대웅생명과학,http://img.danawa.com/prod_img/500000/907/976/img/3976907_1.jpg?shrink=160:160&_v=20180212144906
20151110,루테인 플러스,직사광선을 피해 서늘한 곳에 보관하십시오. 개봉 후에는 공기의 노출을 최대한 차단하여 보관 하십시오. 영유아 및 어린이의 손에 닿지 않는 곳에 보관하십시오.,"①유해산소로부터 세포를 보호하는데 필요

①어두운 곳에서 시각 적응을 위해 필요②피부와 점막을 형성하고 기능을 유지하는데 필요③상피세포의 성장과 발달에 필요

①어두운 곳에서 시각 적응을 위해 필요②피부와 점막을 형성하고 기능을 유지하는데 필요③상피세포의 성장과 발달에 필요

노화로 인해 감소될 수 있는 황반색소밀도를 유지하여 눈 건강에 도움을 줌","1. 성상 : 적색 내용물을 함유한 적갈색 연질캡슐로 이미, 이취가 없음
2. 루테인 : 표시량(20 mg/500 mg)의 80~120%
3. 베타카로틴 : 표시량(1.26 mg/500 mg)의 80~150%
4. 비타민 A : 표시량(700 ugRE/500 mg)의 80~150%
5. 비타민 E : 표시량(3.3 mg a-TE/500 mg)의 80~150%
6. 납 : 1.0 이하 (mg/kg)
7. 총비소 : 1.0 이하 (mg/kg)
8. 총수은 : 1.0 이하 (mg/kg)
9. 카드뮴 : 1.0 이하 (mg/kg)
10. 헥산 : 5.0 이하 (mg/kg)
11. 대장균군 : 음성
12. 붕해도 : 20분 이내 적합",과다 섭취 시 일시적으로 피부가 황색으로 변할 수 있음,"1일 1회, 1회 1캡슐을 물과 함께 섭취.",20040020068333,제조일로부터 24개월까지,7384,"500 mg × 30캡슐, 500 mg × 60캡슐, 500 mg × 90캡슐, 500 mg × 120캡슐 등",내츄럴플러스,http://img.danawa.com/prod_img/500000/131/583/img/6583131_1.jpg?shrink=160:160&_v=20181109154953
20150720,루테인+비타민A,① 제품은 직사광선을 피해 서늘한 곳에 보관 유통하십시오.    ② 제품 개봉 후에는 흡습되지 않게 밀봉하여 보관하십시오.,"①유해산소로부터 세포를 보호하는데 필요

①어두운 곳에서 시각 적응을 위해 필요②피부와 점막을 형성하고 기능을 유지하는데 필요③상피세포의 성장과 발달에 필요

노화로 인해 감소될 수 있는 황반색소밀도를 유지하여 눈 건강에 도움을 줌","① 성상 : 적색의 점조성 내용물을 함유한 암갈색 연질캡슐
② 루테인 : 표시량(10 mg/0.6g)의 80~120%
③ 비타민E : 표시량(3.3 mgα-TE/0.6g)의 80~150%
④ 비타민A : 표시량(700 ㎍RE/0.6g)의 80~150%
⑤ 헥산(mg/kg) : 5.0 이하
⑥ 초산에틸(mg/kg) : 50.0 이하
⑦ 납(mg/kg) : 1.0 이하
⑧ 카드뮴(mg/kg) : 1.0 이하
⑨ 총수은(mg/kg) : 1.0 이하
⑩ 총비소(mg/kg) : 1.0 이하
⑪ 대장균군 : 음성
⑫ 붕해 : 20분 이내",과다 섭취 시 일시적으로 피부가 황색으로 변할 수 있음,"1일 1회, 1회 1캡슐(0.6 g)을 충분한 물과 함께 섭취하십시오.",200400200061096,제조일부터 24개월,7389,"36 g(600 mg×60캡슐), 72 g(120캡슐) 등",세노비스,http://img.danawa.com/prod_img/500000/248/402/img/4402248_1.jpg?shrink=160:160&_v=20190805144419
20171219,루테인12,고온다습한 곳이나 직사광선을 피하여 서늘한 곳에 보관.,"[루테인] 노화로 인해 감소될 수 있는 황반색소밀도를 유지하여 눈 건강에 도움을 줌.
[비타민A] 어두운 곳에서 시각 적응을 위해 필요, 피부와 점막을 형성하고 기능을 유지하는데 필요, 상피세포의 성장과 발달에 필요.
[비타민E] 유해산소로부터 세포를 보호하는데 필요.
[비타민B2] 체내 에너지 생성에 필요.
[나이아신] 체내 에너지 생성에 필요.
[비타민B6] 단백질 및 아미노산 이용에 필요, 혈액의 호모시스테인 수준을 정상으로 유지하는데 필요.
[엽산] 세포와 혈액생성에 필요, 태아 신경관의 정상 발달에 필요, 혈액의 호모시스테인 수준을 정상으로 유지하는데 필요.
[비타민B12] 정상적인 엽산 대사에 필요.
[아연] 정상적인 면역기능에 필요, 정상적인 세포분열에 필요.
[구리] 철의 운반과 이용에 필요, 유해산소로부터 세포를 보호하는데 필요.
[셀렌] 유해산소로부터 세포를 보호하는데 필요.
[망간] 뼈 형성에 필요, 에너지 이용에 필요, 유해산소로부터 세포를 보호하는데 필요.","(1) 성상 : 이미, 이취가 없고 고유의 향미가 있는 밝은 적갈색의 내용물을 함유한 적갈색 연질캡슐
(2) 루테인 : 표시량(20 mg/500 mg)의 80~120%
(3) 비타민A : 표시량(700 ugRE/500 mg)의 80~150%
(4) 비타민E : 표시량(3.3mgα-TE/500 mg)의 80~150%
(5) 비타민B2 : 표시량(1.4 mg/500 mg)의 80~180%
(6) 나이아신 : 표시량(15 mgNE/500 mg)의 80~150%
(7) 비타민B6 : 표시량(1.5 mg/500 mg)의 80~150%
(8) 엽산 : 표시량(400 ug/500 mg)의 80~150%
(9) 비타민B12 : 표시량(2.4 ug/500 mg)의 80~180%
(10) 아연 : 표시량(8.5 mg/500 mg)의 80~150%
(11) 구리 : 표시량(0.8 mg/500 mg)의 80~150%
(12) 셀레늄 : 표시량(55 ug/500 mg)의 80~150%
(13) 망간 : 표시량(3 mg/500 mg)의 80~150%
(14) 헥산(mg/kg) : 5.0 이하
(15) 납(mg/kg) : 1.0 이하
(16) 카드뮴(mg/kg) : 1.0 이하
(17) 총수은(mg/kg) : 1.0 이하
(18) 총비소(mg/kg) : 1.0 이하
(19) 대장균군 : 음성
(20) 붕해시험 : 적합",과다 섭취 시 일시적으로 피부가 황색으로 변할 수 있음,"1일 1회, 1회 1캡슐을 충분한 물과 함께 섭취.",20040015083964,제조일로부터 24개월,7395,"500 mg × 30 캡슐(15 g), 500 mg × 60 캡슐(30 g), 500 mg × 90 캡슐(45 g), 500 mg × 120 캡슐(60 g), 500 mg × 150 캡슐(75 g), 500 mg × 180 캡슐(90 g), 500 mg × 210 캡슐(105 g), 500 mg × 240캡슐 (120 g) 등",씨너지아이앤티,http://img.danawa.com/prod_img/500000/195/276/img/6276195_1.jpg?shrink=160:160&_v=20190530111047
20150522,루테인20,"① 습기가 적고 직사광선을 받지 않는 서늘한 곳에 보관하십시오.
② 어린이의 손에 닿지 않는 곳에 보관하십시오.	
③ 온도 및 습도등의 변화에 의해 캅셀이 붙는 현상이 발생될 수 있으나 품질에 이상이 없으니 안심하고 섭취하십시오.","[루테인 제품]노화로 인해 감소될 수 있는 황반색소밀도를 유지하여 눈 건강에 도움을 줌
[비타민A]①어두운 곳에서 시각 적응을 위해 필요②피부와 점막을 형성하고 기능을 유지하는데 필요③상피세포의 성장과 발달에 필요
[비타민C]①결합조직 형성과 기능유지에 필요②철의 흡수에 필요③유해산소로부터 세포를 보호하는데 필요
[비타민E]①유해산소로부터 세포를 보호하는데 필요
[아연]①정상적인 면역기능에 필요②정상적인 세포분열에 필요","1)  성   상  :  적갈색 내용물을 함유한 흑갈색 연질캡슐로 이미, 이취가 없다.
2)  비타민 A :  표시량(750ugRE/500mg)의 80~150%
3)  루 테 인 :  표시량(20mg/500mg)의 80~120%
4)  비타민 C :  표시량(35.0mg/500mg)의 80~150%
5)  비타민 E :  표시량(3.5mga-TE/500mg)의 80~150%
6)  아    연 : 표시량(8.5mg/500mg)의 80~150%
7)  헥산(mg/kg) :  5.0 이하	
8)  초산에틸(mg/kg) :  50.0 이하
9)  납(mg/kg) : 1.0 이하
10)  카드뮴(mg/kg) :  1.0 이하
11)  총 수은(mg/kg) :  1.0 이하
12)  총 비소(mg/kg) :  1.0 이하
13) 대장균군  :  음성
14) 붕해도  :  20분 이내","① 과량섭취시 부작용이 있을 수 있음.
 ② 특정 원료에 알레르기가 있거나 질병치료나 약물투여 중인 분들은 섭취 전 전문가와 상의하십시오. 
 ③ [루테인] 과다 섭취 시 일시적으로 피부가 황색으로 변할 수 있음","1일 1회, 1회 1캡슐을 물과 함께 섭취",20100019004360,제조일로부터 24개월,7398,"500mg×30캡슐(15g), 500mg×60캡슐(30g),500mg×90캡슐(45g), 등",솔가,http://img.danawa.com/prod_img/500000/264/185/img/4185264_1.jpg?shrink=160:160&_v=20180212142940
20150903,루테인9플러스,습기와 직사광선을 피하여 서늘한 장소에 보관,"노화로 인해 감소될 수 있는 황반색소밀도를 유지하여 눈 건강에 도움을 줌

①유해산소로부터 세포를 보호하는데 필요

①정상적인 면역기능에 필요②정상적인 세포분열에 필요

①체내 에너지 생성에 필요

①유해산소로부터 세포를 보호하는데 필요

①뼈 형성에 필요②에너지 이용에 필요③유해산소로부터 세포를 보호하는데 필요

①어두운 곳에서 시각 적응을 위해 필요②피부와 점막을 형성하고 기능을 유지하는데 필요③상피세포의 성장과 발달에 필요

①단백질 및 아미노산 이용에 필요②혈액의 호모시스테인 수준을 정상으로 유지하는데 필요

①체내 에너지 생성에 필요","⑴ 성상: 이미와 이취가 없는 적갈색 oval 모양의 연질캡슐
⑵ 루테인: 표시량(20 ㎎/500 ㎎)의 80~120%
⑶ 비타민 A: 표시량(700㎍ RE/500 ㎎)의 80~150%
⑷ 비타민 E: 표시량(10 ㎎ α-TE/500 ㎎)의 80~150%
⑸ 비타민 B2: 표시량(1.2 ㎎/500 ㎎)의 80~180%
⑹ 나이아신: 표시량(13 ㎎NE/500 ㎎)의 80~150%
⑺ 비타민 B6: 표시량(1.5 ㎎/500 ㎎)의 80~150%
⑻ 아연: 표시량(12 ㎎/500 ㎎)의 80~150%
⑼ 셀레늄: 표시량(16.5 ㎍/500 ㎎)의 80~150%
⑽ 망간: 표시량(2.0 ㎎/500 ㎎)의 80~150%
⑾ 헥산(㎎/㎏): 5.0 이하
⑿ 납(㎎/㎏): 1.0 이하
⒀ 총비소(㎎/㎏): 1.0 이하
⒁ 카드뮴(㎎/㎏): 1.0 이하
⒂ 총수은(㎎/㎏): 1.0 이하
？ 대장균군: 음성
？ 붕해시험: 적합",과다 섭취 시 일시적으로 피부가 황색으로 변할 수 있음.,"1일 1회, 1회 1캡슐을 물과 함께 섭취",20040015100152,2년,7403,"500 ㎎ × (30, 50, 60, 90, 100, 120 또는 150)캡슐",녹십자웰빙,http://img.danawa.com/prod_img/500000/186/124/img/3124186_1.jpg?shrink=160:160&_v=20180604155637
20150522,리버칸,"직사광선을 받지 아니하는 서늘한 곳에서 보관 및 유통, 어린이의 손에 닿지 않도록 주의","[밀크씨슬추출물]간 건강에 도움을 줄 수 있음
[비타민B1]①탄수화물과 에너지 대사에 필요
[비타민B2]①체내 에너지 생성에 필요
[비타민B6]①단백질 및 아미노산 이용에 필요②혈액의 호모시스테인 수준을 정상으로 유지하는데 필요
[비타민B12]①정상적인 엽산 대사에 필요
[비타민E]①유해산소로부터 세포를 보호하는데 필요","1) 성    상 : 미황색의 분말을 함유한 담갈색의 경질캡슐
2) Silymarin    : 표시량의 80 ~ 120% (표시량 : 130mg / 1,000mg)
3) 비타민 B1 : 표시량의 80~180%(표시량 : 1.2mg / 1,000mg)
4) 비타민 B2 : 표시량의 80~180%(표시량 : 1.4mg / 1.000mg)
5) 비타민 B6 : 표시량의 80~150%(표시량 : 1.5mg   / 1,000mg)
6) 비타민B12  : 표시량의 80~180% (표시량 : 2.4㎍ / 1,000mg)
7) 비타민E   : 표시량의 80~150%(표시량 : 11mgα-TE / 1,000mg)
8) 납(mg/g) : 1.0 이하
9) 총비소(mg/g) : 1.0 이하
10) 총수은(mg/g) : 0.5 이하
11) 카드뮴(mg/g) : 0.5 이하
12) 붕해 : 적합(20분이내)
13) 대장균군 : 음성","[밀크씨슬추출물](1) 알레르기 반응이 나타나는 경우에는 섭취 중단(2) 설사, 위통, 복부팽만 등의 위장관계 장애가 나타나는 경우에는 섭취에 주의
 ① 어린이의 경우 섭취 시 목에 걸릴 우려가 있으니 보호자의 지도하에 섭취하십시오.
 ② 특이체질, 알레르기 체질의 경우 성분을 확인하시고 섭취하여 주시기 바랍니다.","1일 2회, 1회 1캡슐을 물과 함께 섭취.",200400200071125,제조일로부터 24개월까지,7546,"500mg×30, 60, 90, 100, 120, 150, 180, 200, 210, 240, 270, 300, 330, 450, 480, 540캡슐",오리진,http://img.danawa.com/prod_img/500000/612/205/img/4205612_1.jpg?shrink=500:500&_v=20180213170809
20181122,리버케어 밀크씨슬 Liver care milk thistle(전량수출용),"1. 직사광선을 피해 서늘한 곳에 보관하시고, 어린이의 손이 닿지 않는 곳에 보관하십시오.","[밀크씨슬추출물] ① 간 건강에 도움을 줄 수 있음
[비타민B1] ①탄수화물과 에너지 대사에 필요
[비타민B2] ①체내 에너지 생성에 필요
[판토텐산] ①지방, 탄수화물, 단백질 대사와 에너지 생성에 필요
[비타민B6] ①단백질 및 아미노산 이용에 필요②혈액의 호모시스테인 수준을 정상으로 유지하는데 필요
[비타민B12] ①정상적인 엽산 대사에 필요
[비타민C] ①결합조직 형성과 기능유지에 필요②철의 흡수에 필요③유해산소로부터 세포를 보호하는데 필요
[비타민E] ①유해산소로부터 세포를 보호하는데 필요
[셀렌] ①유해산소로부터 세포를 보호하는데 필요
[아연] ①정상적인 면역기능에 필요②정상적인 세포분열에 필요","1) 성상: 이미, 이취가 없고 고유의 향미가 있는 갈색의 내용물을 함유한 적갈색의 연질캡슐
2) 대장균군: 음성
3) 붕해도: 20분 이내
4) 실리마린: 표시량(130mg/1000mg)의 80~120%
5) 비타민B1: 표시량(1.20mg/1000mg)의 80~180%
6) 비타민B2: 표시량(2.4mg/1000mg)의 80~180%
7) 판토텐산: 표시량(4.5mg/1000mg)의 80~180%
8) 비타민B6: 표시량(1.4mg/1000mg)의 80~150%
9) 비타민B12: 표시량(2ug/1000mg)의 80~180%
10) 비타민C: 표시량(30mg/1000mg)의 80~150%
11) 비타민E: 표시량(3.4mg α-TE/1000mg)의 80~150%
12) 셀렌: 표시량(20ug/1000mg)의 80~150%
13) 아연: 표시량(8.5mg/1000mg)의 80~150%
14) 납(mg/kg): 1.0이하
15) 카드뮴(mg/kg): 0.5이하
16) 총수은(mg/kg): 0.5이하
17) 총비소(mg/kg): 1.0이하","① 알레르기 반응이 나타나는 경우에는 섭취 중단 ② 설사, 위통, 복부팽만 등의 위장관계 장애가 나타나는 경우에는 섭취에 주의","1일 1회, 1회 1캡슐을 물과 함께 섭취하십시오.",200700170351194,제조일로부터36개월,7554,"1,000mg X 6, 7, 10, 12, 14, 18, 21, 24, 28, 30, 32, 35, 36, 42, 48, 49, 54, 56, 60, 70, 90, 120, 140, 150, 180, 210, 240, 270, 280, 350, 360, 365, 420, 450, 540, 600, 630, 700, 720, 810, 900캡슐",블랙오닉스 어바틀오브네이쳐,http://img.danawa.com/prod_img/500000/722/990/img/5990722_1.jpg?shrink=500:500&_v=20180906114727
20150522,리버프라임,"직사 광선 및 고온 다습한 곳을 피하여 서늘한 장소에 보관하시고, 개봉 후에는 바로 섭취하십시오.","[밀크씨슬(카르두스 마리아누스) 추출물 제품]① 간 건강에 도움을 줄 수 있음
[비타민B1]①탄수화물과 에너지 대사에 필요
[비타민B2]①체내 에너지 생성에 필요
[비타민E]①유해산소로부터 세포를 보호하는데 필요","(1) 성상 
 - 정제 : 이미, 이취가 없고 고유의 향미가 있는 흰노랑색의 장방형 제피정제
 - 연질캡슐 : 이미, 이취가 없고 고유의 향미가 있는 황갈색 내용물을 함유한 적갈색의 연질캡슐
(2) 대장균군 : 음성
(3) 실리마린 : 130mg/1300mg (80~120%)
(4) 비타민 E : 3.3mg ？-TE/1300mg (80~150%)
(5) 비타민 B1 : 2.48mg/1300mg (80~180%)
(6) 비타민 B2 : 2.44mg/1300mg (80~180%)
(7) 붕해 : 정제 60분 이내, 연질캡슐 20분 이내
(8) 납 : 1.0mg/kg 이하
(9) 카드뮴 : 0.5mg/kg 이하
(10) 총수은 : 0.5mg/kg 이하
(11) 총비소 : 1.0mg/kg 이하","-[밀크씨슬(카르두스 마리아누스) 추출물 제품] 
 ①알레르기 반응이 나타나는 경우에는 섭취 중단 
 ②설사, 위통, 복부팽만 등의 위장관계 장애가 나타나는 경우에는 섭취에 주의
-임신, 수유 중 질병으로 치료 중이신 분 및 어린이는 본 제품의 섭취전에 전문가와 상담하시기 바랍니다.
-특이체질, 알레르기 체질인 경우 과민반응을 나타낼 수 있으므로 원료를 확인하신 후 섭취하시기 바랍니다.","성인 1일 1회, 1회 1캡슐(적갈색 연질캡슐)과 1정(흰노랑 정제) 총 2알을 물과 함께 한번에 섭취하십시오.",20040017031122,24개월,7570,"[600mg x 1캡슐, 700mg x 1정/1포] x 1포 (1.3g), 5포 (6.5g), [600mg x 3캡슐, 700mg x 3정/PTP] x 10입 (39g), 24입 (93.6g), 36입 (140.4g), 37입(144.3g)",아모레퍼시픽,http://img.danawa.com/prod_img/500000/269/210/img/5210269_1.jpg?shrink=500:500&_v=20180213163151
20150522,리버헬스 포뮬라,"1. 고온다습한 곳과 직사광선을 피하여 습기가 적고 건조한 곳에 보관하십시오.
2. 개봉 후에는 뚜껑을 닫고 공기의 노출을 최대한 차단하여 보관 하십시오.
3. 영유아 및 어린이의 손에 닿지 않는 곳에 보관하십시오.","[밀크씨슬(카르두스 마리아누스) 추출물 제품]① 간 건강에 도움을 줄 수 있음
[테아닌 제품]① 스트레스로 인한 긴장완화에 도움을 줄 수 있음
[비오틴]①지방, 탄수화물, 단백질 대사와 에너지 생성에 필요
[비타민C]①결합조직 형성과 기능유지에 필요②철의 흡수에 필요③유해산소로부터 세포를 보호하는데 필요
[셀레늄(또는 셀렌)]①유해산소로부터 세포를 보호하는데 필요
[나이아신]①체내 에너지 생성에 필요
[비타민E]①유해산소로부터 세포를 보호하는데 필요
[판토텐산]①지방, 탄수화물, 단백질 대사와 에너지 생성에 필요
[아연]①정상적인 면역기능에 필요②정상적인 세포분열에 필요
[비타민B1]①탄수화물과 에너지 대사에 필요
[비타민B6]①단백질 및 아미노산 이용에 필요②혈액의 호모시스테인 수준을 정상으로 유지하는데 필요
[비타민B2]①체내 에너지 생성에 필요
[망간]①뼈 형성에 필요②에너지 이용에 필요③유해산소로부터 세포를 보호하는데 필요
[엽산]①세포와 혈액생성에 필요②태아 신경관의 정상 발달에 필요③혈액의 호모시스테인 수준을 정상으로 유지하는데 필요
[비타민B12]①정상적인 엽산 대사에 필요","1. 성상 : 황색 장방형의 갈색 제피정제
2. 실리마린 : 표시량(130mg/2000mg)의 80~120%
3. L-테아닌 : 표시량(200mg/2000mg)의 80~120%
4. 비타민C :  표시량(30mg/2000mg)의 80~150%
5. 비타민E : 표시량(3.3mga-TE/2000mg)의 80~150%
6. 비타민B1 : 표시량(4.0mg/2000mg)의 80~180%
7. 비타민B2 : 표시량(4.0mg/2000mg)의 80~180%
8. 비타민B6 : 표시량(4.0mg/2000mg)의 80~150%
9. 비타민B12 : 표시량(2.4ug/2000mg)의 80~180%
10. 나이아신 : 표시량(15mg NE/2000mg)의 80~150%
11. 판토텐산 : 표시량(8.0mg/2000mg)의 80~180%
12. 엽산 : 표시량(400ug/2000mg)의 80~150%
13. 셀렌 : 표시량(16.5ug/2000mg)의 80~150%
14. 망간 : 표시량(0.9mg/2000mg)의 80~150%
15. 아연 : 표시량(4.25mg/2000mg)의 80~150%
16. 비오틴 : 표시량(300ug/2000mg)의 80~180%
17. 헥산(mg/kg) : 5.0 이하
18. 납(mg/kg) : 1.0 이하
19. 카드뮴(mg/kg) : 0.5 이하
20. 총수은(mg/kg) : 0.5 이하
21. 총비소(mg/kg) : 1.0 이하
22. 대장균군 : 음성
23. 붕해 : 60분이내","특이체질, 알러지체질인 경우는 간혹 개인에 따라 과민반응을 나타낼 수 있으므로 원료를
확인 후 섭취하십시오.",1일 1회 1회 2정을 물과 함께 섭취하십시오.,200400200081436,제조일로부터 2년,7572,"1000mg x 1C(1.0g), 7, 14C, 15C, 28C, 30C, 45C, 56C, 60C, 112C, 120C, 180C, 210C, 240C, 
300C, 360C, …",지엔씨,http://img.danawa.com/prod_img/500000/786/666/img/3666786_1.jpg?shrink=500:500&_v=20181123093032
20180830,리얼 쏘팔메토+옥타코사놀,1) 고온다습한 곳과 직사광선을 피하여 습기가 적고 건조한 곳에 보관하십시오. 2) 개봉 후에는 공기의 노출을 최대한 차단하여 보관 하십시오. 3) 영유아 및 어린이의 손에 닿지 않는 곳에 보관하십시오. 4) 온도 및 습도 등의 변화에 의해 캡슐이 붙는 현상이 발생 될 수 있으나 품질에 이상이 없으니 안심하고 섭취하십시오.,"①전립선 건강의 유지에 도움을 줄 수 있음
①정상적인 면역기능에 필요②정상적인 세포분열에 필요
①지구력 증진에 도움을 줄 수 있음
①지방, 탄수화물, 단백질 대사와 에너지 생성에 필요
①유해산소로부터 세포를 보호하는데 필요
①단백질 및 아미노산 이용에 필요②혈액의 호모시스테인 수준을 정상으로 유지하는데 필요
①탄수화물과 에너지 대사에 필요
①체내 에너지 생성에 필요","1. 성상 : 진한 노랑색의 내용물을 함유한 흑색의 연질캡슐
2. 로르산 : 표시량(100mg/500mg)의 80~120%
3. 옥타코사놀 : 표시량(7mg/500mg)의 80~120%
4. 아연 : 표시량(4.25mg/500mg)의 80~150%
5. 비타민B1 : 표시량(1.2mg/500mg)의 80~180%
6. 비타민B2 : 표시량(1.4mg/500mg)의 80~180%
7. 비타민B6 : 표시량(1.5mg/500mg)의 80~150%
8. 판토텐산 : 표시량(5mg/500mg)의 80~180%
9. 비타민E : 표시량(3.3mg α-TE/500mg)의 80~150%
10. 납(mg/kg) : 1.0 이하
11. 카드뮴(mg/kg) : 1.0 이하
12. 총수은(mg/kg) : 1.0 이하
13. 총비소(mg/kg) : 1.0 이하
14. 대장균군 : 음성
15. 붕해 : 20분 이내",메스꺼움 등 소화계통의 불편함과 설사를 유발할 수 있음,"1일 1회, 1회 1캡슐을 물과 함께 섭취하십시오.",20060020008316,제조일로부터 2년,7628,"500mg × 1C (0.500g), 2C, 4C, 6C, 8C, 10C, 14C, 15C, 16C, 20C, 28C, 30C, 40C, 44C, 50C, 56C, 60C, 84C,90C, 92C, 100C, 112C, 120C, 152C, 168C, 180C, 200C, 212C, 224C, 240C, 252C, 272C, 300C, ….",온푸드,http://img.danawa.com/prod_img/500000/624/975/img/7975624_1.jpg?shrink=500:500&_v=20190521163931
20180119,리얼쏘팔메토,,"①전립선 건강의 유지에 도움을 줄 수 있음

①지구력 증진에 도움을 줄 수 있음

①탄수화물과 에너지 대사에 필요

①체내 에너지 생성에 필요

①체내 에너지 생성에 필요

①지방, 탄수화물, 단백질 대사와 에너지 생성에 필요

①단백질 및 아미노산 이용에 필요②혈액의 호모시스테인 수준을 정상으로 유지하는데 필요

①세포와 혈액생성에 필요②태아 신경관의 정상 발달에 필요③혈액의 호모시스테인 수준을 정상으로 유지하는데 필요

①정상적인 면역기능에 필요②정상적인 세포분열에 필요","(1) 성상 : 이미, 이취가 없고 고유의 향미가 있는 진노랑색의 내용물을 함유한 적갈색 연질캡슐
(2) 로르산 : 표시량(89.6mg/500㎎)의 80~120%
(3) 옥타코사놀 : 표시량(7mg/500㎎)의 80~120%
(4) 나이아신 : 표시량(15㎎NE/500㎎)의 80~150%
(5) 아연 : 표시량(8.5㎎/500㎎)의 80~150%
(6) 판토텐산 : 표시량(5㎎/500㎎)의 80~180%
(7) 비타민B6 : 표시량(1.5㎎/500㎎)의 80~150%
(8) 비타민B1 : 표시량(1.2㎎/500㎎)의 80~180%
(9) 비타민B2 : 표시량(1.4㎎/500㎎)의 80~180%	
(10) 엽산 : 표시량(400㎍/500㎎)의 80~150%
(11) 납(mg/kg) : 1.0 이하
(12) 카드뮴(mg/kg) : 1.0 이하
(13) 총수은(mg/kg) : 1.0 이하
(14) 총비소(mg/kg) : 1.0 이하
(15) 대장균군 : 음성
(16) 붕해시험 : 적합","메스꺼움 등 소화계통의 불편함과 설사를 유발할 수 있음
알레르기 체질이신 경우 성분을 확인 한 후 섭취하시기 바랍니다.","1일 1회, 1회 1캡슐을 충분한 물과 함께 섭취하시기 바랍니다.",20040015083980,제조일로부터 24개월,7684,"500 mg × 30캡슐(15 g), 500 mg × 60캡슐(30 g), 500 mg × 90캡슐(45 g), 500 mg × 120캡슐(60 g), 500 mg × 150캡슐(75 g), 500 mg × 180캡슐(90 g), 500 mg × 210캡슐(105 g), 500 mg × 240캡슐(120 g), 500 mg × 270캡슐(135 g), 500 mg × 300캡슐(150 g) 등",데일리원,http://img.danawa.com/prod_img/500000/952/306/img/6306952_1.jpg?shrink=500:500
20150803,리튠rTG오메가3,"개봉 후에는 습기가 적고 직사광선을 받지 않는 서늘한 곳에 보관하시고, 어린이의 손에 닿지 않도록 주의하시기 바랍니다.","①혈중 중성지질 개선에 도움을 줄 수 있음 ②혈행개선에 도움을 줄 수 있음 ③ 기억력 개선에 도움을 줄 수 있음

①유해산소로부터 세포를 보호하는데 필요","1) 성상 : 고유의 색택과 향미를 가지고 이미, 이취가 없어야 한다.
2) EPA와 DHA의 합 : 표시량(1050mg/1840mg)의 80%~120%
3) 비타민E : 표시량(24mg α-TE/1840mg)의 80~150%
4) 납(mg/kg) : 3.0 이하
5) 카드뮴(mg/kg) : 1.0 이하
6) 총수은(mg/kg) : 0.5 이하
7) 대장균군 : 음성
8) 붕해시험 : 제1액에 의한 시험(120분 이내), 제2액에 의한 시험(60분 이내)
9) 헥산(mg/kg):5.0이하",,"1일 1회, 1회 2캡슐을 충분한 물과 함께 섭취하십시오, 1일 2회, 1회 1캡슐을 충분한 물과 함께 섭취하십시오.",200400200021668,제조일로부터 2년,7788,"920mg * 6, 10, 30, 60, 90, 120, 180, 240, 300, 360, 540, 720정 등",LG생활건강,http://img.danawa.com/prod_img/500000/788/302/img/5302788_1.jpg?shrink=500:500
20170731,마그네슘프리미엄,"-직사광선 및 고온다습한 곳을 피해 습기가 적고 서늘한 곳에 보관, 유통하십시오. -개봉 후에는 공기의 노출을 최대한 차단하여 보관하십시오.","[비타민 A]①어두운 곳에서 시각 적응을 위해 필요②피부와 점막을 형성하고 기능을 유지하는데 필요③상피세포의 성장과 발달에 필요

[비타민 B1]①탄수화물과 에너지 대사에 필요

[비타민 B6]①단백질 및 아미노산 이용에 필요②혈액의 호모시스테인 수준을 정상으로 유지하는데 필요

[비타민 B12]①정상적인 엽산 대사에 필요

[마그네슘]①에너지 이용에 필요②신경과 근육 기능 유지에 필요

[셀레늄]①유해산소로부터 세포를 보호하는데 필요","1. 성상 : 이미, 이취가 없고 고유의 향미가 있는 백색의 타원형 정제
2. 마그네슘 : 표시량(315 mg/1,000 mg)의 80~150%
3. 비타민A : 표시량(700 ug RE/1,000 mg)의 80~150%
4. 비타민B1 : 표시량(1.2 mg/1,000 mg)의 80~180%
5. 비타민B6 : 표시량(1.5 mg/1,000 mg)의 80~150%
6. 비타민B12 : 표시량(2.4 ug/1,000 mg)의 80~180%
7. 셀레늄 : 표시량(27.5 ug/1,000 mg)의 80~150%
8. 대장균군 : 음성
9. 붕해시험 : 30분 이내","- 특이체질, 알레르기 체질이신 경우 성분을 확인하신 후 섭취하여 주시기 바랍니다.
- 제품 개봉 또는 섭취 시 포장재에 의해 상처를 입을 수 있으니 주의하시기 바랍니다.","1일 1회, 1회 1정을 물과 함께 섭취하십시오.",20040017068181,제조일로부터 24개월,7853,"1,000 mg x 30T, 1,000 mg x 60T, 1,000 mg x 90T, 1,000 mg x 120T",일양약품,http://img.danawa.com/prod_img/500000/337/566/img/6566337_1.jpg?shrink=500:500&_v=20181102171233
20170829,마이니 남성활력케어S,1) 고온다습한 곳과 직사광선을 피하여 습기가 적고 건조한 곳에 보관하십시오. 2) 개봉 후에는 공기의 노출을 최대한 차단하여 보관 하십시오. 3) 영유아 및 어린이의 손에 닿지 않는 곳에 보관하십시오. 4) 온도 및 습도 등의 변화에 의해 캡슐이 붙는 현상이 발생 될 수 있으나 품질에 이상이없으니 안심하고 섭취하십시오.,"①전립선 건강의 유지에 도움을 줄 수 있음

①정상적인 면역기능에 필요②정상적인 세포분열에 필요

①지구력 증진에 도움을 줄 수 있음

①단백질 및 아미노산 이용에 필요②혈액의 호모시스테인 수준을 정상으로 유지하는데 필요","1. 성상 : 녹갈색의 내용물을 함유한 흑색의 연질캡슐
2. 로르산 : 표시량(70mg/1000mg)의 80~120%
3. 아연 : 표시량(30mg/1000mg)의 80~150%
4. 옥타코사놀 : 표시량(40mg/1000mg)의 80~120%
5. 비타민B6 : 표시량(15mg/1000mg)의 80~150%
6. 납(mg/kg) : 1.0 이하
7. 카드뮴(mg/kg) : 1.0 이하
8. 총수은(mg/kg) : 1.0 이하
9. 총비소(mg/kg) : 1.0 이하
10. 대장균군 : 음성
11. 붕해 : 20분이내",메스꺼움 등 소화계통의 불편함과 설사를 유발할 수 있음,"1일 1회, 1회 2캡슐을 물과 함께 섭취하십시오.",20060020008202,제조일로부터 2년,7985,"500mg x 1C (0.5g), 2C, 4C, 6C, 14C, 20C, 28C, 30C, 56C, 60C, 84C, 90C, 100C, 112C, 120C, 150C, 168C, 180C, 200C, 210C, 224C, 240C, 252C, 270C, 300C, ….",일동제약,http://img.danawa.com/prod_img/500000/054/925/img/6925054_1.jpg?shrink=500:500
20150522,매그넘 17,"1) 고온다습한 곳과 직사광선을 피하여 습기가 적고 건조한 곳에 보관하십시오
2) 개봉 후에는 뚜껑을 닫고 공기의 노출을 최대한 차단하여 보관 하십시오
3) 영유아 및 어린이의 손에 닿지 않는 곳에 보관하십시오
4) 온도 및 습도등의 변화에 의해 캡슐이 붙는 현상이 발생될 수 있으나 품질에 이상이 없으니 안심하고 섭취하십시오","[쏘팔메토열매추출물 제품]전립선 건강의 유지에 도움을 줄 수 있음.
[아연]①정상적인 면역기능에 필요②정상적인 세포분열에 필요
[비타민E]①유해산소로부터 세포를 보호하는데 필요
[옥타코사놀함유유지 제품]①지구력 증진에 도움을 줄 수 있음
[비타민A]①어두운 곳에서 시각 적응을 위해 필요②피부와 점막을 형성하고 기능을 유지하는데 필요③상피세포의 성장과 발달에 필요
[비타민D]①칼슘과 인이 흡수되고 이용되는데 필요②뼈의 형성과 유지에 필요③골다공증발생 위험 감소에 도움을 줌","1. 성상 : 암갈색의 내용물을 함유한 흑갈색의 연질캡슐
2. 로르산 : 표시량(115mg/500mg)의 80~120%
3. 옥타코사놀 : 표시량(7mg/500mg)의 80~120%
4. 아연 : 표시량(2.55mg/500mg)의 80~150%
5. 비타민A : 표시량(210ug RE/500mg)의 80~180%
6. 비타민D : 표시량(3.0ug/500mg)의 80~180%
7. 비타민E : 표시량(3.3mgα-TE/500mg)의 80~150%
8. 납(mg/kg) : 1.0 이하
9. 총비소(mg/kg) : 1.0 이하
10. 카드뮴(mg/kg) : 1.0 이하
11. 총수은(mg/kg) : 1.0 이하
12. 대장균군 : 음성
13. 붕해 : 20분이내","특정질환, 특이체질, 알레르기체질, 임산부의 경우에는 간혹 개인에 따라 과민반응이 나타날 수 있으므로 원료를 확인하시고, 섭취전에 전문가와 상담하시기 바랍니다",1일 1회 1회 1캡슐을 물과 함께 섭취하십시오.,200400200081460,제조일로부터 2년,8189,"500mg x 1C (0.5g), 14C,  28C, 30C, 56C, 60C, 84C, 90C, 120C, 150C, 168C, 180C, 210C, 240C, 252C, 270C, 300C, …",매그넘코리아,http://img.danawa.com/prod_img/500000/072/741/img/3741072_1.jpg?shrink=500:500
20150522,매일먹는 E:M이엠,"직사광선을 받지 아니하는 서늘한 곳에서 보관 및 유통하시고, 어린이의 손에 닿지 않도록 주의하시기 바랍니다.","[프로바이오틱스 제품]①유산균 증식 및 유해균 억제에 도움을 줄 수 있음 ②배변활동 원활에 도움을 줄 수 있음 
[비타민C]①결합조직 형성과 기능유지에 필요②철의 흡수에 필요③유해산소로부터 세포를 보호하는데 필요","1) 성상 : 미황색의 분말
2) 비타민C : 표시량의 80 ~ 150 % (표시량 : 37 mg / 2,000 mg)
3) 프로바이오틱스 수(2 g 당) : 표시량 이상 (표시량 : 1.0×100,000,000 CFU)
4) 대장균군 : 음성","① 어린이의 경우 섭취 시 목에 걸릴 우려가 있으니 보호자의 지도하에 섭취하십시오.
② 특이체질, 알레르기 체질의 경우 성분을 확인하시고 섭취하여 주시기 바랍니다.
③ 질환이 있거나 의약품 복용 시 전문가와 상담하십시오.
④ 알레르기 체질 등은 개인에 따라 과민반응을 나타낼 수 있습니다.
⑤ 어린이가 함부로 섭취하지 않도록 일일섭취량 방법을 지도하십시오.
⑥ 이상사례 발생 시 섭취를 중단하고 전문가와 상담하십시오.","1일 1회, 1회 1포를 물과 함께 섭취하십시오.",200400200071413,제조일로부터 18개월,8207,"2 g ×30, 60, 90, 120, 150, 180, 210, 240, 270, 300, 350, 450, 480, 540포",에버미라클,http://img.danawa.com/prod_img/500000/268/148/img/3148268_1.jpg?shrink=500:500&_v=20180830091600
20180716,맨파워88,고온다습한 곳이나 직사광선을 피하여 서늘한 곳에 보관.,"①전립선 건강의 유지에 도움을 줄 수 있음

①탄수화물과 에너지 대사에 필요

①체내 에너지 생성에 필요

①체내 에너지 생성에 필요

①단백질 및 아미노산 이용에 필요②혈액의 호모시스테인 수준을 정상으로 유지하는데 필요

①세포와 혈액생성에 필요②태아 신경관의 정상 발달에 필요③혈액의 호모시스테인 수준을 정상으로 유지하는데 필요

①정상적인 면역기능에 필요②정상적인 세포분열에 필요

①지구력 증진에 도움을 줄 수 있음","(1) 성상 : 이미, 이취가 없고 고유의 향미가 있는 밝은노랑주황색 내용물을 함유한 적갈색의 연질캡슐
(2) 로르산 : 표시량(70mg/900mg)의 80% 이상 120% 이하
(3) 옥타코사놀 : 표시량(7mg/900mg)의 80% 이상 120% 이하
(4) 비타민B1 : 표시량(1.2mg/900mg)의 80% 이상 180% 이하
(5) 비타민B2 : 표시량(1.4mg/900mg)의 80% 이상 180% 이하
(6) 나이아신 : 표시량(15mgNE/900mg)의 80% 이상 150% 이하
(7) 비타민B6 : 표시량(1.5mg/900mg)의 80% 이상 150% 이하
(8) 엽산 : 표시량(400㎍/900mg)의 80% 이상 150% 이하
(9) 아연 : 표시량(8.5mg/900mg)의 80% 이상 150% 이하
(10) 납(mg/kg) : 1.0 이하
(11) 카드뮴(mg/kg) : 1.0 이하
(12) 총수은(mg/kg) : 1.0 이하
(13) 총비소(mg/kg) : 1.0 이하
(14) 대장균군 : 음성
(15) 붕해시험 : 20분 이내","메스꺼움 등 소화계통의 불편함과 설사를 유발할 수 있습니다.
알레르기 체질이신 경우 성분을 확인 한 후 섭취하시기 바랍니다.",1일 1회 1회 1캡슐을 충분한 물과 함께 섭취하십시오.,200400150831033,제조일로부터 24개월,8301,"900 mg × 30캡슐(27 g), 900 mg × 60캡슐(54 g), 900 mg × 90캡슐(81 g), 900 mg × 120캡슐(108 g), 900 mg × 150캡슐(135 g), 900 mg × 180캡슐(162 g), 900 mg × 210캡슐(189 g) 등.",일양약품,http://img.danawa.com/prod_img/500000/764/785/img/6785764_1.jpg?shrink=500:500&_v=20190220151241
